# WaveFront *.obj file (generated by Autodesk ATF)

mtllib ORGANIZACION 5.mtl

g Body1

v 3.080127 4.665064 2.500000
v 3.113019 4.684054 2.065880
v 3.210696 4.740448 1.644950
v 3.370191 4.832532 1.250000
v 3.586656 4.957508 0.893031
v 3.853515 5.111579 0.584889
v 4.162659 5.290064 0.334936
v 4.504695 5.487538 0.150768
v 4.869231 5.698003 0.037981
v 5.245191 5.915064 0.000000
v 6.078524 4.471688 0.000000
v 5.702565 4.254628 0.037981
v 5.338029 4.044163 0.150768
v 4.995992 3.846688 0.334936
v 4.686848 3.668203 0.584889
v 4.419989 3.514132 0.893031
v 4.203524 3.389156 1.250000
v 4.044030 3.297072 1.644950
v 3.946353 3.240678 2.065880
v 3.913460 3.221688 2.500000
v 3.913460 3.221688 5.000000
v 3.080127 4.665064 5.000000
v 6.078524 4.471688 5.000000
v 5.580127 0.334936 2.500000
v 5.613019 0.353927 2.934120
v 5.710696 0.410321 3.355050
v 5.870191 0.502405 3.750000
v 6.086656 0.627381 4.106969
v 6.353515 0.781452 4.415111
v 6.662659 0.959936 4.665064
v 7.004695 1.157411 4.849232
v 7.369231 1.367876 4.962019
v 7.745191 1.584936 5.000000
v 6.911857 3.028312 5.000000
v 6.535898 2.811252 4.962019
v 6.171362 2.600787 4.849232
v 5.829325 2.403312 4.665064
v 5.520181 2.224828 4.415111
v 5.253322 2.070757 4.106969
v 5.036857 1.945780 3.750000
v 4.877363 1.853696 3.355050
v 4.779686 1.797302 2.934120
v 4.746794 1.778312 2.500000
v 8.102160 1.834889 5.000000
v 8.410302 2.143031 5.000000
v 8.660254 2.500000 5.000000
v 8.844422 2.894950 5.000000
v 8.957210 3.315880 5.000000
v 8.995191 3.750000 5.000000
v 8.957210 4.184120 5.000000
v 8.844422 4.605050 5.000000
v 8.660254 5.000000 5.000000
v 8.410302 5.356969 5.000000
v 8.102160 5.665111 5.000000
v 7.745191 5.915064 5.000000
v 7.350241 6.099232 5.000000
v 6.929311 6.212019 5.000000
v 6.495191 6.250000 5.000000
v 6.061070 6.212019 5.000000
v 5.640140 6.099232 5.000000
v 5.245191 5.915064 5.000000
v 6.279508 4.554938 5.000000
v 6.495191 4.583333 5.000000
v 6.710873 4.554938 5.000000
v 6.911857 4.471688 5.000000
v 7.084446 4.339256 5.000000
v 7.216878 4.166667 5.000000
v 7.300129 3.965683 5.000000
v 7.328524 3.750000 5.000000
v 7.300129 3.534317 5.000000
v 7.216878 3.333333 5.000000
v 7.084446 3.160744 5.000000
v 5.580127 0.334936 0.000000
v 7.745191 1.584936 0.000000
v 4.746794 1.778312 0.000000
v 6.911857 3.028312 0.000000
v 6.279508 4.554938 0.000000
v 6.495191 4.583333 0.000000
v 6.710873 4.554938 0.000000
v 6.911857 4.471688 0.000000
v 7.084446 4.339256 0.000000
v 7.216878 4.166667 0.000000
v 7.300129 3.965683 0.000000
v 7.328524 3.750000 0.000000
v 7.300129 3.534317 0.000000
v 7.216878 3.333333 0.000000
v 7.084446 3.160744 0.000000
v 8.102160 1.834889 0.000000
v 8.410302 2.143031 0.000000
v 8.660254 2.500000 0.000000
v 8.844422 2.894950 0.000000
v 8.957210 3.315880 0.000000
v 8.995191 3.750000 0.000000
v 8.957210 4.184120 0.000000
v 8.844422 4.605050 0.000000
v 8.660254 5.000000 0.000000
v 8.410302 5.356969 0.000000
v 8.102160 5.665111 0.000000
v 7.745191 5.915064 0.000000
v 7.350241 6.099232 0.000000
v 6.929311 6.212019 0.000000
v 6.495191 6.250000 0.000000
v 6.061070 6.212019 0.000000
v 5.640140 6.099232 0.000000
vt 0.416667 1.963495 0.000000
vt -1.250000 1.963495 0.000000
vt 0.416667 1.527163 0.000000
vt -1.250000 1.527163 0.000000
vt 0.416667 1.090831 0.000000
vt -1.250000 1.090831 0.000000
vt 0.416667 0.654498 0.000000
vt -1.250000 0.654498 0.000000
vt 0.416667 0.218166 0.000000
vt -1.250000 0.218166 0.000000
vt 0.416667 -0.218166 0.000000
vt -1.250000 -0.218166 0.000000
vt 0.416667 -0.654498 0.000000
vt -1.250000 -0.654498 0.000000
vt 0.416667 -1.090831 0.000000
vt -1.250000 -1.090831 0.000000
vt 0.416667 -1.527163 0.000000
vt -1.250000 -1.527163 0.000000
vt 0.416667 -1.963495 0.000000
vt -1.250000 -1.963495 0.000000
vt 0.000000 2.500000 0.000000
vt 1.666667 2.500000 0.000000
vt 0.000000 5.000000 0.000000
vt 1.666667 5.000000 0.000000
vt 0.037981 2.065880 0.000000
vt 0.150768 1.644950 0.000000
vt 0.000000 2.500000 0.000000
vt 0.334936 1.250000 0.000000
vt 0.584889 0.893031 0.000000
vt 2.500000 5.000000 0.000000
vt 0.893031 0.584889 0.000000
vt 1.250000 0.334936 0.000000
vt 1.644950 0.150768 0.000000
vt 2.065880 0.037981 0.000000
vt 2.500000 0.000000 0.000000
vt 0.000000 5.000000 0.000000
vt -0.416667 1.963495 0.000000
vt -2.083333 1.963495 0.000000
vt -0.416667 1.527163 0.000000
vt -2.083333 1.527163 0.000000
vt -0.416667 1.090831 0.000000
vt -2.083333 1.090831 0.000000
vt -0.416667 0.654498 0.000000
vt -2.083333 0.654498 0.000000
vt -0.416667 0.218166 0.000000
vt -2.083333 0.218166 0.000000
vt -0.416667 -0.218166 0.000000
vt -2.083333 -0.218166 0.000000
vt -0.416667 -0.654498 0.000000
vt -2.083333 -0.654498 0.000000
vt -0.416667 -1.090831 0.000000
vt -2.083333 -1.090831 0.000000
vt -0.416667 -1.527163 0.000000
vt -2.083333 -1.527163 0.000000
vt -0.416667 -1.963495 0.000000
vt -2.083333 -1.963495 0.000000
vt 2.500000 -0.000000 0.000000
vt 2.462019 0.434120 0.000000
vt 0.833333 0.000000 0.000000
vt 0.804938 0.215683 0.000000
vt 2.349232 0.855050 0.000000
vt 0.721688 0.416667 0.000000
vt 2.165064 1.250000 0.000000
vt 1.915111 1.606969 0.000000
vt 0.589256 0.589256 0.000000
vt 1.606969 1.915111 0.000000
vt 0.416667 0.721688 0.000000
vt 1.250000 2.165064 0.000000
vt 0.855050 2.349232 0.000000
vt 0.215683 0.804938 0.000000
vt 0.434120 2.462019 0.000000
vt 0.000000 0.833333 0.000000
vt -0.000000 2.500000 0.000000
vt -0.434120 2.462019 0.000000
vt -0.215683 0.804938 0.000000
vt -0.855050 2.349232 0.000000
vt -0.416667 0.721688 0.000000
vt -1.250000 2.165064 0.000000
vt -1.606969 1.915111 0.000000
vt -0.589256 0.589256 0.000000
vt -1.915111 1.606969 0.000000
vt -0.721688 0.416667 0.000000
vt -2.165064 1.250000 0.000000
vt -2.349232 0.855050 0.000000
vt -0.804938 0.215683 0.000000
vt -2.462019 0.434120 0.000000
vt -0.833333 -0.000000 0.000000
vt -2.500000 0.000000 0.000000
vt -0.833333 -2.500000 0.000000
vt -2.500000 -2.500000 0.000000
vt 2.500000 5.000000 0.000000
vt 2.065880 4.962019 0.000000
vt 2.500000 0.000000 0.000000
vt 1.644950 4.849232 0.000000
vt 1.250000 4.665064 0.000000
vt 0.893031 4.415111 0.000000
vt 0.584889 4.106969 0.000000
vt 0.000000 2.500000 0.000000
vt 0.334936 3.750000 0.000000
vt 0.150768 3.355050 0.000000
vt 0.037981 2.934120 0.000000
vt 0.000000 0.000000 0.000000
vt 1.666667 2.500000 0.000000
vt 0.000000 2.500000 0.000000
vt 1.666667 0.000000 0.000000
vt 0.000000 0.000000 0.000000
vt 2.462019 2.934120 0.000000
vt 2.349232 3.355050 0.000000
vt 2.500000 2.500000 0.000000
vt 2.165064 3.750000 0.000000
vt 1.915111 4.106969 0.000000
vt -0.000000 0.000000 0.000000
vt 1.606969 4.415111 0.000000
vt 1.250000 4.665064 0.000000
vt 0.855050 4.849232 0.000000
vt 0.434120 4.962019 0.000000
vt -0.000000 5.000000 0.000000
vt 2.500000 0.000000 0.000000
vt 5.000000 -2.617994 0.000000
vt -0.000000 -2.617994 0.000000
vt 5.000000 -2.836160 0.000000
vt -0.000000 -2.836160 0.000000
vt 5.000000 -3.054326 0.000000
vt -0.000000 -3.054326 0.000000
vt 5.000000 -3.272492 0.000000
vt 0.000000 -3.272492 0.000000
vt 5.000000 -3.490659 0.000000
vt 0.000000 -3.490659 0.000000
vt 5.000000 -3.708825 0.000000
vt 0.000000 -3.708825 0.000000
vt 5.000000 -3.926991 0.000000
vt 0.000000 -3.926991 0.000000
vt 5.000000 -4.145157 0.000000
vt -0.000000 -4.145157 0.000000
vt 5.000000 -4.363323 0.000000
vt 0.000000 -4.363323 0.000000
vt 5.000000 -4.581489 0.000000
vt -0.000000 -4.581489 0.000000
vt 5.000000 -4.799655 0.000000
vt 0.000000 -4.799655 0.000000
vt 5.000000 -5.017822 0.000000
vt -0.000000 -5.017822 0.000000
vt 5.000000 -5.235988 0.000000
vt -0.000000 -5.235988 0.000000
vt -0.000000 0.000000 0.000000
vt 0.434120 0.037981 0.000000
vt -0.000000 5.000000 0.000000
vt 0.855050 0.150768 0.000000
vt 1.250000 0.334936 0.000000
vt 1.606969 0.584889 0.000000
vt 1.915111 0.893031 0.000000
vt 2.500000 2.500000 0.000000
vt 2.165064 1.250000 0.000000
vt 2.349232 1.644950 0.000000
vt 2.462019 2.065880 0.000000
vt 2.500000 5.000000 0.000000
vt -5.000000 -0.000000 0.000000
vt -0.000000 -0.000000 0.000000
vt -5.000000 0.436332 0.000000
vt -0.000000 0.436332 0.000000
vt -5.000000 0.872665 0.000000
vt -0.000000 0.872665 0.000000
vt -5.000000 1.308997 0.000000
vt -0.000000 1.308997 0.000000
vt -5.000000 1.745329 0.000000
vt -0.000000 1.745329 0.000000
vt -5.000000 2.181662 0.000000
vt -0.000000 2.181662 0.000000
vt -5.000000 2.617994 0.000000
vt -0.000000 2.617994 0.000000
vt -5.000000 3.054326 0.000000
vt -0.000000 3.054326 0.000000
vt -5.000000 3.490659 0.000000
vt -0.000000 3.490659 0.000000
vt -5.000000 3.926991 0.000000
vt -0.000000 3.926991 0.000000
vt -5.000000 4.363323 0.000000
vt -0.000000 4.363323 0.000000
vt -5.000000 4.799655 0.000000
vt -0.000000 4.799655 0.000000
vt -5.000000 5.235988 0.000000
vt -0.000000 5.235988 0.000000
vt -5.000000 5.672320 0.000000
vt -0.000000 5.672320 0.000000
vt -5.000000 6.108652 0.000000
vt -0.000000 6.108652 0.000000
vt -5.000000 6.544985 0.000000
vt -0.000000 6.544985 0.000000
vt -5.000000 6.981317 0.000000
vt -0.000000 6.981317 0.000000
vt -5.000000 7.417649 0.000000
vt -0.000000 7.417649 0.000000
vt -5.000000 7.853982 0.000000
vt -0.000000 7.853982 0.000000
vt 2.500000 0.000000 0.000000
vt 2.462019 0.434120 0.000000
vt 0.833333 -0.000000 0.000000
vt 0.804938 0.215683 0.000000
vt 2.349232 0.855050 0.000000
vt 0.721688 0.416667 0.000000
vt 2.165064 1.250000 0.000000
vt 1.915111 1.606969 0.000000
vt 0.589256 0.589256 0.000000
vt 1.606969 1.915111 0.000000
vt 0.416667 0.721688 0.000000
vt 1.250000 2.165064 0.000000
vt 0.855050 2.349232 0.000000
vt 0.215683 0.804938 0.000000
vt 0.434120 2.462019 0.000000
vt -0.000000 0.833333 0.000000
vt 0.000000 2.500000 0.000000
vt -0.434120 2.462019 0.000000
vt -0.215683 0.804938 0.000000
vt -0.855050 2.349232 0.000000
vt -0.416667 0.721688 0.000000
vt -1.250000 2.165064 0.000000
vt -1.606969 1.915111 0.000000
vt -0.589256 0.589256 0.000000
vt -1.915111 1.606969 0.000000
vt -0.721688 0.416667 0.000000
vt -2.165064 1.250000 0.000000
vt -2.349232 0.855050 0.000000
vt -0.804938 0.215683 0.000000
vt -2.462019 0.434120 0.000000
vt -0.833333 0.000000 0.000000
vt -2.500000 -0.000000 0.000000
vt -0.833333 -2.500000 0.000000
vt -2.500000 -2.500000 0.000000
vn -0.866025 -0.500000 -0.000000
vn -0.866025 -0.500000 -0.000000
vn -0.852869 -0.492404 -0.173648
vn -0.852869 -0.492404 -0.173648
vn -0.813798 -0.469846 -0.342020
vn -0.813798 -0.469846 -0.342020
vn -0.750000 -0.433013 -0.500000
vn -0.750000 -0.433013 -0.500000
vn -0.663414 -0.383022 -0.642788
vn -0.663414 -0.383022 -0.642788
vn -0.556670 -0.321394 -0.766044
vn -0.556670 -0.321394 -0.766044
vn -0.433013 -0.250000 -0.866025
vn -0.433013 -0.250000 -0.866025
vn -0.296198 -0.171010 -0.939693
vn -0.296198 -0.171010 -0.939693
vn -0.150384 -0.086824 -0.984808
vn -0.150384 -0.086824 -0.984808
vn 0.000000 0.000000 -1.000000
vn 0.000000 0.000000 -1.000000
vn -0.866025 -0.500000 0.000000
vn -0.866025 -0.500000 0.000000
vn 0.500000 -0.866025 0.000000
vn 0.500000 -0.866025 0.000000
vn 0.500000 -0.866025 0.000000
vn 0.500000 -0.866025 0.000000
vn 0.500000 -0.866025 0.000000
vn 0.500000 -0.866025 0.000000
vn 0.500000 -0.866025 0.000000
vn 0.500000 -0.866025 0.000000
vn 0.500000 -0.866025 0.000000
vn 0.500000 -0.866025 0.000000
vn 0.500000 -0.866025 0.000000
vn 0.500000 -0.866025 0.000000
vn -0.866025 -0.500000 0.000000
vn -0.866025 -0.500000 0.000000
vn -0.852869 -0.492404 0.173648
vn -0.852869 -0.492404 0.173648
vn -0.813798 -0.469846 0.342020
vn -0.813798 -0.469846 0.342020
vn -0.750000 -0.433013 0.500000
vn -0.750000 -0.433013 0.500000
vn -0.663414 -0.383022 0.642788
vn -0.663414 -0.383022 0.642788
vn -0.556670 -0.321394 0.766044
vn -0.556670 -0.321394 0.766044
vn -0.433013 -0.250000 0.866025
vn -0.433013 -0.250000 0.866025
vn -0.296198 -0.171010 0.939693
vn -0.296198 -0.171010 0.939693
vn -0.150384 -0.086824 0.984808
vn -0.150384 -0.086824 0.984808
vn 0.000000 0.000000 1.000000
vn 0.000000 0.000000 1.000000
vn 0.000000 0.000000 1.000000
vn 0.000000 0.000000 1.000000
vn 0.000000 0.000000 1.000000
vn 0.000000 0.000000 1.000000
vn 0.000000 0.000000 1.000000
vn 0.000000 0.000000 1.000000
vn 0.000000 0.000000 1.000000
vn 0.000000 0.000000 1.000000
vn 0.000000 0.000000 1.000000
vn 0.000000 0.000000 1.000000
vn 0.000000 0.000000 1.000000
vn 0.000000 0.000000 1.000000
vn 0.000000 0.000000 1.000000
vn 0.000000 0.000000 1.000000
vn 0.000000 0.000000 1.000000
vn 0.000000 0.000000 1.000000
vn 0.000000 0.000000 1.000000
vn 0.000000 0.000000 1.000000
vn 0.000000 0.000000 1.000000
vn 0.000000 0.000000 1.000000
vn 0.000000 0.000000 1.000000
vn 0.000000 0.000000 1.000000
vn 0.000000 0.000000 1.000000
vn 0.000000 0.000000 1.000000
vn 0.000000 0.000000 1.000000
vn 0.000000 0.000000 1.000000
vn 0.000000 0.000000 1.000000
vn 0.000000 0.000000 1.000000
vn 0.000000 0.000000 1.000000
vn 0.000000 0.000000 1.000000
vn 0.000000 0.000000 1.000000
vn 0.000000 0.000000 1.000000
vn 0.500000 -0.866025 0.000000
vn 0.500000 -0.866025 0.000000
vn 0.500000 -0.866025 0.000000
vn 0.500000 -0.866025 0.000000
vn 0.500000 -0.866025 0.000000
vn 0.500000 -0.866025 0.000000
vn 0.500000 -0.866025 0.000000
vn 0.500000 -0.866025 0.000000
vn 0.500000 -0.866025 0.000000
vn 0.500000 -0.866025 0.000000
vn 0.500000 -0.866025 0.000000
vn 0.500000 -0.866025 0.000000
vn -0.866025 -0.500000 0.000000
vn -0.866025 -0.500000 0.000000
vn -0.500000 0.866025 0.000000
vn -0.500000 0.866025 0.000000
vn -0.500000 0.866025 0.000000
vn -0.500000 0.866025 0.000000
vn -0.500000 0.866025 0.000000
vn -0.500000 0.866025 0.000000
vn -0.500000 0.866025 0.000000
vn -0.500000 0.866025 0.000000
vn -0.500000 0.866025 0.000000
vn -0.500000 0.866025 0.000000
vn -0.500000 0.866025 0.000000
vn -0.500000 0.866025 0.000000
vn 0.258819 -0.965926 0.000000
vn 0.258819 -0.965926 0.000000
vn 0.000000 -1.000000 0.000000
vn 0.000000 -1.000000 0.000000
vn -0.258819 -0.965926 0.000000
vn -0.258819 -0.965926 0.000000
vn -0.500000 -0.866025 0.000000
vn -0.500000 -0.866025 0.000000
vn -0.707107 -0.707107 0.000000
vn -0.707107 -0.707107 0.000000
vn -0.866025 -0.500000 0.000000
vn -0.866025 -0.500000 0.000000
vn -0.965926 -0.258819 0.000000
vn -0.965926 -0.258819 0.000000
vn -1.000000 -0.000000 0.000000
vn -1.000000 -0.000000 0.000000
vn -0.965926 0.258819 0.000000
vn -0.965926 0.258819 0.000000
vn -0.866025 0.500000 0.000000
vn -0.866025 0.500000 0.000000
vn -0.707107 0.707107 0.000000
vn -0.707107 0.707107 0.000000
vn -0.500000 0.866025 0.000000
vn -0.500000 0.866025 0.000000
vn -0.500000 0.866025 0.000000
vn -0.500000 0.866025 0.000000
vn -0.500000 0.866025 0.000000
vn -0.500000 0.866025 0.000000
vn -0.500000 0.866025 0.000000
vn -0.500000 0.866025 0.000000
vn -0.500000 0.866025 0.000000
vn -0.500000 0.866025 0.000000
vn -0.500000 0.866025 0.000000
vn -0.500000 0.866025 0.000000
vn 0.642788 -0.766044 -0.000000
vn 0.642788 -0.766044 -0.000000
vn 0.766044 -0.642788 -0.000000
vn 0.766044 -0.642788 -0.000000
vn 0.866025 -0.500000 -0.000000
vn 0.866025 -0.500000 -0.000000
vn 0.939693 -0.342020 -0.000000
vn 0.939693 -0.342020 -0.000000
vn 0.984808 -0.173648 -0.000000
vn 0.984808 -0.173648 -0.000000
vn 1.000000 0.000000 -0.000000
vn 1.000000 0.000000 -0.000000
vn 0.984808 0.173648 -0.000000
vn 0.984808 0.173648 -0.000000
vn 0.939693 0.342020 -0.000000
vn 0.939693 0.342020 -0.000000
vn 0.866025 0.500000 -0.000000
vn 0.866025 0.500000 -0.000000
vn 0.766044 0.642788 -0.000000
vn 0.766044 0.642788 -0.000000
vn 0.642788 0.766044 -0.000000
vn 0.642788 0.766044 -0.000000
vn 0.500000 0.866025 -0.000000
vn 0.500000 0.866025 -0.000000
vn 0.342020 0.939693 -0.000000
vn 0.342020 0.939693 -0.000000
vn 0.173648 0.984808 -0.000000
vn 0.173648 0.984808 -0.000000
vn -0.000000 1.000000 -0.000000
vn -0.000000 1.000000 -0.000000
vn -0.173648 0.984808 -0.000000
vn -0.173648 0.984808 -0.000000
vn -0.342020 0.939693 -0.000000
vn -0.342020 0.939693 -0.000000
vn -0.000000 -0.000000 -1.000000
vn -0.000000 -0.000000 -1.000000
vn -0.000000 -0.000000 -1.000000
vn -0.000000 -0.000000 -1.000000
vn -0.000000 -0.000000 -1.000000
vn -0.000000 -0.000000 -1.000000
vn -0.000000 -0.000000 -1.000000
vn -0.000000 -0.000000 -1.000000
vn -0.000000 -0.000000 -1.000000
vn -0.000000 -0.000000 -1.000000
vn -0.000000 -0.000000 -1.000000
vn -0.000000 -0.000000 -1.000000
vn -0.000000 -0.000000 -1.000000
vn -0.000000 -0.000000 -1.000000
vn -0.000000 -0.000000 -1.000000
vn -0.000000 -0.000000 -1.000000
vn -0.000000 -0.000000 -1.000000
vn -0.000000 -0.000000 -1.000000
vn -0.000000 -0.000000 -1.000000
vn -0.000000 -0.000000 -1.000000
vn -0.000000 -0.000000 -1.000000
vn -0.000000 -0.000000 -1.000000
vn -0.000000 -0.000000 -1.000000
vn -0.000000 -0.000000 -1.000000
vn -0.000000 -0.000000 -1.000000
vn -0.000000 -0.000000 -1.000000
vn -0.000000 -0.000000 -1.000000
vn -0.000000 -0.000000 -1.000000
vn -0.000000 -0.000000 -1.000000
vn -0.000000 -0.000000 -1.000000
vn -0.000000 -0.000000 -1.000000
vn -0.000000 -0.000000 -1.000000
usemtl Steel_-_Satin
f 20/1/1 1/2/2 19/3/3
f 19/3/3 1/2/2 2/4/4
f 19/3/3 2/4/4 18/5/5
f 18/5/5 2/4/4 3/6/6
f 18/5/5 3/6/6 17/7/7
f 17/7/7 3/6/6 4/8/8
f 17/7/7 4/8/8 16/9/9
f 16/9/9 4/8/8 5/10/10
f 16/9/9 5/10/10 15/11/11
f 15/11/11 5/10/10 6/12/12
f 15/11/11 6/12/12 14/13/13
f 14/13/13 6/12/12 7/14/14
f 14/13/13 7/14/14 13/15/15
f 13/15/15 7/14/14 8/16/16
f 13/15/15 8/16/16 12/17/17
f 12/17/17 8/16/16 9/18/18
f 12/17/17 9/18/18 11/19/19
f 11/19/19 9/18/18 10/20/20
f 1/21/2 20/22/1 22/23/21
f 22/23/21 20/22/1 21/24/22
f 19/25/23 18/26/24 20/27/25
f 20/27/25 18/26/24 17/28/26
f 20/27/25 17/28/26 16/29/27
f 20/27/25 16/29/27 23/30/28
f 23/30/28 16/29/27 15/31/29
f 23/30/28 15/31/29 14/32/30
f 14/32/30 13/33/31 23/30/28
f 23/30/28 13/33/31 12/34/32
f 23/30/28 12/34/32 11/35/33
f 23/30/28 21/36/34 20/27/25
f 43/37/35 24/38/36 42/39/37
f 42/39/37 24/38/36 25/40/38
f 42/39/37 25/40/38 41/41/39
f 41/41/39 25/40/38 26/42/40
f 41/41/39 26/42/40 40/43/41
f 40/43/41 26/42/40 27/44/42
f 40/43/41 27/44/42 39/45/43
f 39/45/43 27/44/42 28/46/44
f 39/45/43 28/46/44 38/47/45
f 38/47/45 28/46/44 29/48/46
f 38/47/45 29/48/46 37/49/47
f 37/49/47 29/48/46 30/50/48
f 37/49/47 30/50/48 36/51/49
f 36/51/49 30/50/48 31/52/50
f 36/51/49 31/52/50 35/53/51
f 35/53/51 31/52/50 32/54/52
f 35/53/51 32/54/52 34/55/53
f 34/55/53 32/54/52 33/56/54
f 33/57/54 44/58/55 34/59/53
f 34/59/53 44/58/55 72/60/56
f 72/60/56 44/58/55 45/61/57
f 72/60/56 45/61/57 71/62/58
f 71/62/58 45/61/57 46/63/59
f 71/62/58 46/63/59 47/64/60
f 71/62/58 47/64/60 70/65/61
f 70/65/61 47/64/60 48/66/62
f 70/65/61 48/66/62 69/67/63
f 69/67/63 48/66/62 49/68/64
f 69/67/63 49/68/64 50/69/65
f 69/67/63 50/69/65 68/70/66
f 68/70/66 50/69/65 51/71/67
f 68/70/66 51/71/67 67/72/68
f 67/72/68 51/71/67 52/73/69
f 67/72/68 52/73/69 53/74/70
f 67/72/68 53/74/70 66/75/71
f 66/75/71 53/74/70 54/76/72
f 66/75/71 54/76/72 65/77/73
f 65/77/73 54/76/72 55/78/74
f 65/77/73 55/78/74 56/79/75
f 65/77/73 56/79/75 64/80/76
f 64/80/76 56/79/75 57/81/77
f 64/80/76 57/81/77 63/82/78
f 63/82/78 57/81/77 58/83/79
f 63/82/78 58/83/79 59/84/80
f 63/82/78 59/84/80 62/85/81
f 62/85/81 59/84/80 60/86/82
f 62/85/81 60/86/82 23/87/83
f 23/87/83 60/86/82 61/88/84
f 23/87/83 61/88/84 21/89/85
f 21/89/85 61/88/84 22/90/86
f 33/91/87 32/92/88 74/93/89
f 74/93/89 32/92/88 31/94/90
f 74/93/89 31/94/90 30/95/91
f 30/95/91 29/96/92 74/93/89
f 74/93/89 29/96/92 28/97/93
f 74/93/89 28/97/93 24/98/94
f 24/98/94 28/97/93 27/99/95
f 24/98/94 27/99/95 26/100/96
f 26/100/96 25/101/97 24/98/94
f 24/98/94 73/102/98 74/93/89
f 24/103/36 43/104/35 73/105/99
f 73/105/99 43/104/35 75/106/100
f 42/107/101 41/108/102 43/109/103
f 43/109/103 41/108/102 40/110/104
f 43/109/103 40/110/104 39/111/105
f 43/109/103 39/111/105 76/112/106
f 76/112/106 39/111/105 38/113/107
f 76/112/106 38/113/107 37/114/108
f 37/114/108 36/115/109 76/112/106
f 76/112/106 36/115/109 35/116/110
f 76/112/106 35/116/110 34/117/111
f 76/112/106 75/118/112 43/109/103
f 23/119/28 11/120/33 62/121/113
f 62/121/113 11/120/33 77/122/114
f 62/121/113 77/122/114 63/123/115
f 63/123/115 77/122/114 78/124/116
f 63/123/115 78/124/116 64/125/117
f 64/125/117 78/124/116 79/126/118
f 64/125/117 79/126/118 65/127/119
f 65/127/119 79/126/118 80/128/120
f 65/127/119 80/128/120 66/129/121
f 66/129/121 80/128/120 81/130/122
f 66/129/121 81/130/122 67/131/123
f 67/131/123 81/130/122 82/132/124
f 67/131/123 82/132/124 68/133/125
f 68/133/125 82/132/124 83/134/126
f 68/133/125 83/134/126 69/135/127
f 69/135/127 83/134/126 84/136/128
f 69/135/127 84/136/128 70/137/129
f 70/137/129 84/136/128 85/138/130
f 70/137/129 85/138/130 71/139/131
f 71/139/131 85/138/130 86/140/132
f 71/139/131 86/140/132 72/141/133
f 72/141/133 86/140/132 87/142/134
f 72/141/133 87/142/134 34/143/111
f 34/143/111 87/142/134 76/144/106
f 10/145/135 9/146/136 61/147/137
f 61/147/137 9/146/136 8/148/138
f 61/147/137 8/148/138 7/149/139
f 7/149/139 6/150/140 61/147/137
f 61/147/137 6/150/140 5/151/141
f 61/147/137 5/151/141 1/152/142
f 1/152/142 5/151/141 4/153/143
f 1/152/142 4/153/143 3/154/144
f 3/154/144 2/155/145 1/152/142
f 1/152/142 22/156/146 61/147/137
f 33/157/87 74/158/89 44/159/147
f 44/159/147 74/158/89 88/160/148
f 44/159/147 88/160/148 45/161/149
f 45/161/149 88/160/148 89/162/150
f 45/161/149 89/162/150 46/163/151
f 46/163/151 89/162/150 90/164/152
f 46/163/151 90/164/152 47/165/153
f 47/165/153 90/164/152 91/166/154
f 47/165/153 91/166/154 48/167/155
f 48/167/155 91/166/154 92/168/156
f 48/167/155 92/168/156 49/169/157
f 49/169/157 92/168/156 93/170/158
f 49/169/157 93/170/158 50/171/159
f 50/171/159 93/170/158 94/172/160
f 50/171/159 94/172/160 51/173/161
f 51/173/161 94/172/160 95/174/162
f 51/173/161 95/174/162 52/175/163
f 52/175/163 95/174/162 96/176/164
f 52/175/163 96/176/164 53/177/165
f 53/177/165 96/176/164 97/178/166
f 53/177/165 97/178/166 54/179/167
f 54/179/167 97/178/166 98/180/168
f 54/179/167 98/180/168 55/181/169
f 55/181/169 98/180/168 99/182/170
f 55/181/169 99/182/170 56/183/171
f 56/183/171 99/182/170 100/184/172
f 56/183/171 100/184/172 57/185/173
f 57/185/173 100/184/172 101/186/174
f 57/185/173 101/186/174 58/187/175
f 58/187/175 101/186/174 102/188/176
f 58/187/175 102/188/176 59/189/177
f 59/189/177 102/188/176 103/190/178
f 59/189/177 103/190/178 60/191/179
f 60/191/179 103/190/178 104/192/180
f 60/191/179 104/192/180 61/193/137
f 61/193/137 104/192/180 10/194/135
f 10/195/20 104/196/181 11/197/19
f 11/197/19 104/196/181 77/198/182
f 77/198/182 104/196/181 103/199/183
f 77/198/182 103/199/183 78/200/184
f 78/200/184 103/199/183 102/201/185
f 78/200/184 102/201/185 101/202/186
f 78/200/184 101/202/186 79/203/187
f 79/203/187 101/202/186 100/204/188
f 79/203/187 100/204/188 80/205/189
f 80/205/189 100/204/188 99/206/190
f 80/205/189 99/206/190 98/207/191
f 80/205/189 98/207/191 81/208/192
f 81/208/192 98/207/191 97/209/193
f 81/208/192 97/209/193 82/210/194
f 82/210/194 97/209/193 96/211/195
f 82/210/194 96/211/195 95/212/196
f 82/210/194 95/212/196 83/213/197
f 83/213/197 95/212/196 94/214/198
f 83/213/197 94/214/198 84/215/199
f 84/215/199 94/214/198 93/216/200
f 84/215/199 93/216/200 92/217/201
f 84/215/199 92/217/201 85/218/202
f 85/218/202 92/217/201 91/219/203
f 85/218/202 91/219/203 86/220/204
f 86/220/204 91/219/203 90/221/205
f 86/220/204 90/221/205 89/222/206
f 86/220/204 89/222/206 87/223/207
f 87/223/207 89/222/206 88/224/208
f 87/223/207 88/224/208 76/225/209
f 76/225/209 88/224/208 74/226/210
f 76/225/209 74/226/210 75/227/211
f 75/227/211 74/226/210 73/228/212
g Body3

v 2.500000 -5.000000 2.500000
v 2.500000 -5.030779 2.108914
v 2.500000 -5.122359 1.727458
v 2.500000 -5.272484 1.365024
v 2.500000 -5.477458 1.030537
v 2.500000 -5.732233 0.732233
v 2.500000 -6.030537 0.477458
v 2.500000 -6.365024 0.272484
v 2.500000 -6.727458 0.122359
v 2.500000 -7.108914 0.030779
v 2.500000 -7.500000 0.000000
v 0.833333 -7.500000 0.000000
v 0.833333 -7.108914 0.030779
v 0.833333 -6.727458 0.122359
v 0.833333 -6.365024 0.272484
v 0.833333 -6.030537 0.477458
v 0.833333 -5.732233 0.732233
v 0.833333 -5.477458 1.030537
v 0.833333 -5.272484 1.365024
v 0.833333 -5.122359 1.727458
v 0.833333 -5.030779 2.108914
v 0.833333 -5.000000 2.500000
v 0.833333 -5.000000 6.250000
v 2.500000 -5.000000 6.250000
v 0.833333 -7.500000 6.250000
v -2.500000 -5.000000 3.750000
v -2.500000 -5.030779 4.141086
v -2.500000 -5.122359 4.522542
v -2.500000 -5.272484 4.884976
v -2.500000 -5.477458 5.219463
v -2.500000 -5.732233 5.517767
v -2.500000 -6.030537 5.772542
v -2.500000 -6.365024 5.977516
v -2.500000 -6.727458 6.127641
v -2.500000 -7.108914 6.219221
v -2.500000 -7.500000 6.250000
v -0.833333 -7.500000 6.250000
v -0.833333 -7.108914 6.219221
v -0.833333 -6.727458 6.127641
v -0.833333 -6.365024 5.977516
v -0.833333 -6.030537 5.772542
v -0.833333 -5.732233 5.517767
v -0.833333 -5.477458 5.219463
v -0.833333 -5.272484 4.884976
v -0.833333 -5.122359 4.522542
v -0.833333 -5.030779 4.141086
v -0.833333 -5.000000 3.750000
v -0.833333 -7.500000 0.000000
v -0.833333 -5.000000 0.000000
v -2.465903 -7.911486 6.250000
v -2.364543 -8.311749 6.250000
v -2.198684 -8.689868 6.250000
v -1.972851 -9.035532 6.250000
v -1.693204 -9.339310 6.250000
v -1.367370 -9.592916 6.250000
v -1.004239 -9.789433 6.250000
v -0.613714 -9.923501 6.250000
v -0.206448 -9.991461 6.250000
v 0.206448 -9.991461 6.250000
v 0.613714 -9.923501 6.250000
v 1.004239 -9.789433 6.250000
v 1.367370 -9.592916 6.250000
v 1.693204 -9.339310 6.250000
v 1.972851 -9.035532 6.250000
v 2.198684 -8.689868 6.250000
v 2.364543 -8.311749 6.250000
v 2.465903 -7.911486 6.250000
v 2.500000 -7.500000 6.250000
v 0.804938 -7.715683 6.250000
v 0.721688 -7.916667 6.250000
v 0.589256 -8.089256 6.250000
v 0.416667 -8.221688 6.250000
v 0.215683 -8.304938 6.250000
v -0.000000 -8.333333 6.250000
v -0.215683 -8.304938 6.250000
v -0.416667 -8.221688 6.250000
v -0.589256 -8.089256 6.250000
v -0.721688 -7.916667 6.250000
v -0.804938 -7.715683 6.250000
v -2.500000 -5.000000 0.000000
v -2.500000 -7.500000 0.000000
v 0.804938 -7.715683 0.000000
v 0.721688 -7.916667 0.000000
v 0.589256 -8.089256 0.000000
v 0.416667 -8.221688 0.000000
v 0.215683 -8.304938 0.000000
v -0.000000 -8.333333 0.000000
v -0.215683 -8.304938 0.000000
v -0.416667 -8.221688 0.000000
v -0.589256 -8.089256 0.000000
v -0.721688 -7.916667 0.000000
v -0.804938 -7.715683 0.000000
v 0.804938 -7.715683 3.125000
v 0.721688 -7.916667 3.125000
v 0.589256 -8.089256 3.125000
v 0.416667 -8.221688 3.125000
v 0.215683 -8.304938 3.125000
v -0.000000 -8.333333 3.125000
v -0.215683 -8.304938 3.125000
v -0.416667 -8.221688 3.125000
v -0.589256 -8.089256 3.125000
v -0.721688 -7.916667 3.125000
v -0.804938 -7.715683 3.125000
v -2.465903 -7.911486 0.000000
v -2.364543 -8.311749 0.000000
v -2.198684 -8.689868 0.000000
v -1.972851 -9.035532 0.000000
v -1.693204 -9.339310 0.000000
v -1.367370 -9.592916 0.000000
v -1.004239 -9.789433 0.000000
v -0.613714 -9.923501 0.000000
v -0.206448 -9.991461 0.000000
v 0.206448 -9.991461 0.000000
v 0.613714 -9.923501 0.000000
v 1.004239 -9.789433 0.000000
v 1.367370 -9.592916 0.000000
v 1.693204 -9.339310 0.000000
v 1.972851 -9.035532 0.000000
v 2.198684 -8.689868 0.000000
v 2.364543 -8.311749 0.000000
v 2.465903 -7.911486 0.000000
vt 0.416667 1.963495 0.000000
vt -1.250000 1.963495 0.000000
vt 0.416667 1.570796 0.000000
vt -1.250000 1.570796 0.000000
vt -1.250000 1.178097 0.000000
vt 0.416667 1.178097 0.000000
vt -1.250000 0.785398 0.000000
vt 0.416667 0.785398 0.000000
vt -1.250000 0.392699 0.000000
vt 0.416667 0.392699 0.000000
vt -1.250000 0.000000 0.000000
vt 0.416667 -0.000000 0.000000
vt -1.250000 -0.392699 0.000000
vt 0.416667 -0.392699 0.000000
vt -1.250000 -0.785398 0.000000
vt 0.416667 -0.785398 0.000000
vt -1.250000 -1.178097 0.000000
vt 0.416667 -1.178097 0.000000
vt -1.250000 -1.570796 0.000000
vt 0.416667 -1.570796 0.000000
vt 0.416667 -1.963495 0.000000
vt -1.250000 -1.963495 0.000000
vt 0.000000 2.500000 0.000000
vt 1.666667 2.500000 0.000000
vt 0.000000 6.250000 0.000000
vt 1.666667 6.250000 0.000000
vt 0.030779 2.108914 0.000000
vt 0.122359 1.727458 0.000000
vt 0.000000 2.500000 0.000000
vt 0.272484 1.365024 0.000000
vt 0.477458 1.030537 0.000000
vt 0.732233 0.732233 0.000000
vt 2.500000 6.250000 0.000000
vt 0.000000 6.250000 0.000000
vt 1.030537 0.477458 0.000000
vt 1.365024 0.272484 0.000000
vt 1.727458 0.122359 0.000000
vt 2.108914 0.030779 0.000000
vt 2.500000 0.000000 0.000000
vt -0.416667 1.963495 0.000000
vt -2.083333 1.963495 0.000000
vt -0.416667 1.570796 0.000000
vt -2.083333 1.570796 0.000000
vt -2.083333 1.178097 0.000000
vt -0.416667 1.178097 0.000000
vt -2.083333 0.785398 0.000000
vt -0.416667 0.785398 0.000000
vt -2.083333 0.392699 0.000000
vt -0.416667 0.392699 0.000000
vt -2.083333 0.000000 0.000000
vt -0.416667 -0.000000 0.000000
vt -2.083333 -0.392699 0.000000
vt -0.416667 -0.392699 0.000000
vt -2.083333 -0.785398 0.000000
vt -0.416667 -0.785398 0.000000
vt -2.083333 -1.178097 0.000000
vt -0.416667 -1.178097 0.000000
vt -2.083333 -1.570796 0.000000
vt -0.416667 -1.570796 0.000000
vt -0.416667 -1.963495 0.000000
vt -2.083333 -1.963495 0.000000
vt 2.469221 4.141086 0.000000
vt 2.377641 4.522542 0.000000
vt 2.500000 3.750000 0.000000
vt 2.227516 4.884976 0.000000
vt 2.022542 5.219463 0.000000
vt 1.767767 5.517767 0.000000
vt 0.000000 0.000000 0.000000
vt 2.500000 0.000000 0.000000
vt 1.469463 5.772542 0.000000
vt 1.134976 5.977516 0.000000
vt 0.772542 6.127641 0.000000
vt 0.391086 6.219221 0.000000
vt 0.000000 6.250000 0.000000
vt 2.500000 0.000000 0.000000
vt 2.465903 0.411486 0.000000
vt 0.833333 0.000000 0.000000
vt 0.804938 0.215683 0.000000
vt 2.364543 0.811749 0.000000
vt 0.721688 0.416667 0.000000
vt 2.198684 1.189868 0.000000
vt 1.972851 1.535532 0.000000
vt 0.589256 0.589256 0.000000
vt 1.693204 1.839310 0.000000
vt 1.367370 2.092916 0.000000
vt 0.416667 0.721688 0.000000
vt 1.004239 2.289433 0.000000
vt 0.215683 0.804938 0.000000
vt 0.613714 2.423501 0.000000
vt 0.206448 2.491461 0.000000
vt 0.000000 0.833333 0.000000
vt -0.206448 2.491461 0.000000
vt -0.215683 0.804938 0.000000
vt -0.613714 2.423501 0.000000
vt -1.004239 2.289433 0.000000
vt -0.416667 0.721688 0.000000
vt -1.367370 2.092916 0.000000
vt -0.589256 0.589256 0.000000
vt -1.693204 1.839310 0.000000
vt -1.972851 1.535532 0.000000
vt -0.721688 0.416667 0.000000
vt -2.198684 1.189868 0.000000
vt -2.364543 0.811749 0.000000
vt -0.804938 0.215683 0.000000
vt -2.465903 0.411486 0.000000
vt -0.833333 0.000000 0.000000
vt -2.500000 0.000000 0.000000
vt -0.833333 -2.500000 0.000000
vt -2.500000 -2.500000 0.000000
vt 2.500000 6.250000 0.000000
vt 2.108914 6.219221 0.000000
vt 2.500000 0.000000 0.000000
vt 1.727458 6.127641 0.000000
vt 1.365024 5.977516 0.000000
vt 1.030537 5.772542 0.000000
vt 0.732233 5.517767 0.000000
vt 0.000000 3.750000 0.000000
vt 0.477458 5.219463 0.000000
vt 0.272484 4.884976 0.000000
vt 0.122359 4.522542 0.000000
vt 0.030779 4.141086 0.000000
vt 0.000000 0.000000 0.000000
vt 1.666667 3.750000 0.000000
vt 0.000000 3.750000 0.000000
vt 1.666667 0.000000 0.000000
vt 0.000000 0.000000 0.000000
vt 6.250000 -2.617994 0.000000
vt -0.000000 -2.617994 0.000000
vt 3.125000 -2.836160 0.000000
vt 0.000000 -2.836160 0.000000
vt 3.125000 -3.054326 0.000000
vt 0.000000 -3.054326 0.000000
vt 3.125000 -3.272492 0.000000
vt -0.000000 -3.272492 0.000000
vt 3.125000 -3.490659 0.000000
vt -0.000000 -3.490659 0.000000
vt 3.125000 -3.708825 0.000000
vt 0.000000 -3.708825 0.000000
vt 3.125000 -3.926991 0.000000
vt 0.000000 -3.926991 0.000000
vt 3.125000 -4.145157 0.000000
vt -0.000000 -4.145157 0.000000
vt 3.125000 -4.363323 0.000000
vt -0.000000 -4.363323 0.000000
vt 3.125000 -4.581489 0.000000
vt -0.000000 -4.581489 0.000000
vt 3.125000 -4.799655 0.000000
vt -0.000000 -4.799655 0.000000
vt 3.125000 -5.017822 0.000000
vt -0.000000 -5.017822 0.000000
vt 0.000000 -5.235988 0.000000
vt 6.250000 -5.235988 0.000000
vt 6.250000 -5.017822 0.000000
vt 6.250000 -4.799655 0.000000
vt 6.250000 -4.581489 0.000000
vt 6.250000 -4.363323 0.000000
vt 6.250000 -4.145157 0.000000
vt 6.250000 -3.926991 0.000000
vt 6.250000 -3.708825 0.000000
vt 6.250000 -3.490659 0.000000
vt 6.250000 -3.272492 0.000000
vt 6.250000 -3.054326 0.000000
vt 6.250000 -2.836160 0.000000
vt 0.000000 0.000000 0.000000
vt 0.391086 0.030779 0.000000
vt -0.000000 6.250000 0.000000
vt 0.772542 0.122359 0.000000
vt 1.134976 0.272484 0.000000
vt 1.469463 0.477458 0.000000
vt 1.767767 0.732233 0.000000
vt 2.500000 2.500000 0.000000
vt 2.022542 1.030537 0.000000
vt 2.227516 1.365024 0.000000
vt 2.377641 1.727458 0.000000
vt 2.469221 2.108914 0.000000
vt 2.500000 6.250000 0.000000
vt -6.250000 0.000000 0.000000
vt -0.000000 0.000000 0.000000
vt -6.250000 0.413367 0.000000
vt -0.000000 0.413367 0.000000
vt -0.000000 0.826735 0.000000
vt -6.250000 0.826735 0.000000
vt -0.000000 1.240102 0.000000
vt -6.250000 1.240102 0.000000
vt -0.000000 1.653470 0.000000
vt -6.250000 1.653470 0.000000
vt -0.000000 2.066837 0.000000
vt -6.250000 2.066837 0.000000
vt -0.000000 2.480205 0.000000
vt -6.250000 2.480205 0.000000
vt -0.000000 2.893572 0.000000
vt -6.250000 2.893572 0.000000
vt -0.000000 3.306940 0.000000
vt -6.250000 3.306940 0.000000
vt -0.000000 3.720307 0.000000
vt -6.250000 3.720307 0.000000
vt -0.000000 4.133675 0.000000
vt -6.250000 4.133675 0.000000
vt -0.000000 4.547042 0.000000
vt -6.250000 4.547042 0.000000
vt -0.000000 4.960409 0.000000
vt -6.250000 4.960409 0.000000
vt -0.000000 5.373777 0.000000
vt -6.250000 5.373777 0.000000
vt -0.000000 5.787144 0.000000
vt -6.250000 5.787144 0.000000
vt -0.000000 6.200512 0.000000
vt -6.250000 6.200512 0.000000
vt -0.000000 6.613879 0.000000
vt -6.250000 6.613879 0.000000
vt -0.000000 7.027247 0.000000
vt -6.250000 7.027247 0.000000
vt -0.000000 7.440614 0.000000
vt -6.250000 7.440614 0.000000
vt -6.250000 7.853982 0.000000
vt -0.000000 7.853982 0.000000
vt 2.500000 0.000000 0.000000
vt 2.465903 0.411486 0.000000
vt 0.833333 0.000000 0.000000
vt 0.804938 0.215683 0.000000
vt 2.364543 0.811749 0.000000
vt 0.721688 0.416667 0.000000
vt 2.198684 1.189868 0.000000
vt 1.972851 1.535532 0.000000
vt 0.589256 0.589256 0.000000
vt 1.693204 1.839310 0.000000
vt 1.367370 2.092916 0.000000
vt 0.416667 0.721688 0.000000
vt 1.004239 2.289433 0.000000
vt 0.215683 0.804938 0.000000
vt 0.613714 2.423501 0.000000
vt 0.206448 2.491461 0.000000
vt -0.000000 0.833333 0.000000
vt -0.206448 2.491461 0.000000
vt -0.215683 0.804938 0.000000
vt -0.613714 2.423501 0.000000
vt -1.004239 2.289433 0.000000
vt -0.416667 0.721688 0.000000
vt -1.367370 2.092916 0.000000
vt -0.589256 0.589256 0.000000
vt -1.693204 1.839310 0.000000
vt -1.972851 1.535532 0.000000
vt -0.721688 0.416667 0.000000
vt -2.198684 1.189868 0.000000
vt -2.364543 0.811749 0.000000
vt -0.804938 0.215683 0.000000
vt -2.465903 0.411486 0.000000
vt -0.833333 0.000000 0.000000
vt -2.500000 0.000000 0.000000
vt -0.833333 -2.500000 0.000000
vt -2.500000 -2.500000 0.000000
vn 0.000000 1.000000 -0.000000
vn 0.000000 1.000000 -0.000000
vn 0.000000 0.987688 -0.156434
vn 0.000000 0.987688 -0.156434
vn 0.000000 0.951057 -0.309017
vn 0.000000 0.951057 -0.309017
vn 0.000000 0.891007 -0.453990
vn 0.000000 0.891007 -0.453990
vn 0.000000 0.809017 -0.587785
vn 0.000000 0.809017 -0.587785
vn 0.000000 0.707107 -0.707107
vn 0.000000 0.707107 -0.707107
vn 0.000000 0.587785 -0.809017
vn 0.000000 0.587785 -0.809017
vn 0.000000 0.453990 -0.891007
vn 0.000000 0.453990 -0.891007
vn 0.000000 0.309017 -0.951057
vn 0.000000 0.309017 -0.951057
vn 0.000000 0.156434 -0.987688
vn 0.000000 0.156434 -0.987688
vn -0.000000 -0.000000 -1.000000
vn -0.000000 -0.000000 -1.000000
vn 0.000000 1.000000 0.000000
vn 0.000000 1.000000 0.000000
vn -1.000000 0.000000 0.000000
vn -1.000000 0.000000 0.000000
vn -1.000000 0.000000 0.000000
vn -1.000000 0.000000 0.000000
vn -1.000000 0.000000 0.000000
vn -1.000000 0.000000 0.000000
vn -1.000000 0.000000 0.000000
vn -1.000000 0.000000 0.000000
vn -1.000000 0.000000 0.000000
vn -1.000000 0.000000 0.000000
vn -1.000000 0.000000 0.000000
vn -1.000000 0.000000 0.000000
vn -1.000000 0.000000 0.000000
vn 0.000000 1.000000 0.000000
vn 0.000000 1.000000 0.000000
vn 0.000000 0.987688 0.156434
vn 0.000000 0.987688 0.156434
vn 0.000000 0.951057 0.309017
vn 0.000000 0.951057 0.309017
vn 0.000000 0.891007 0.453990
vn 0.000000 0.891007 0.453990
vn 0.000000 0.809017 0.587785
vn 0.000000 0.809017 0.587785
vn 0.000000 0.707107 0.707107
vn 0.000000 0.707107 0.707107
vn 0.000000 0.587785 0.809017
vn 0.000000 0.587785 0.809017
vn 0.000000 0.453990 0.891007
vn 0.000000 0.453990 0.891007
vn 0.000000 0.309017 0.951057
vn 0.000000 0.309017 0.951057
vn 0.000000 0.156434 0.987688
vn 0.000000 0.156434 0.987688
vn 0.000000 0.000000 1.000000
vn 0.000000 0.000000 1.000000
vn 1.000000 -0.000000 0.000000
vn 1.000000 -0.000000 0.000000
vn 1.000000 -0.000000 0.000000
vn 1.000000 -0.000000 0.000000
vn 1.000000 -0.000000 0.000000
vn 1.000000 -0.000000 0.000000
vn 1.000000 -0.000000 0.000000
vn 1.000000 -0.000000 0.000000
vn 1.000000 -0.000000 0.000000
vn 1.000000 -0.000000 0.000000
vn 1.000000 -0.000000 0.000000
vn 1.000000 -0.000000 0.000000
vn 1.000000 -0.000000 0.000000
vn 0.000000 0.000000 1.000000
vn 0.000000 0.000000 1.000000
vn 0.000000 0.000000 1.000000
vn 0.000000 0.000000 1.000000
vn 0.000000 0.000000 1.000000
vn 0.000000 0.000000 1.000000
vn 0.000000 0.000000 1.000000
vn 0.000000 0.000000 1.000000
vn 0.000000 0.000000 1.000000
vn 0.000000 0.000000 1.000000
vn 0.000000 0.000000 1.000000
vn 0.000000 0.000000 1.000000
vn 0.000000 0.000000 1.000000
vn 0.000000 0.000000 1.000000
vn 0.000000 0.000000 1.000000
vn 0.000000 0.000000 1.000000
vn 0.000000 0.000000 1.000000
vn 0.000000 0.000000 1.000000
vn 0.000000 0.000000 1.000000
vn 0.000000 0.000000 1.000000
vn 0.000000 0.000000 1.000000
vn 0.000000 0.000000 1.000000
vn 0.000000 0.000000 1.000000
vn 0.000000 0.000000 1.000000
vn 0.000000 0.000000 1.000000
vn 0.000000 0.000000 1.000000
vn 0.000000 0.000000 1.000000
vn 0.000000 0.000000 1.000000
vn 0.000000 0.000000 1.000000
vn 0.000000 0.000000 1.000000
vn 0.000000 0.000000 1.000000
vn 0.000000 0.000000 1.000000
vn 0.000000 0.000000 1.000000
vn -1.000000 0.000000 0.000000
vn -1.000000 0.000000 0.000000
vn -1.000000 0.000000 0.000000
vn -1.000000 0.000000 0.000000
vn -1.000000 0.000000 0.000000
vn -1.000000 0.000000 0.000000
vn -1.000000 0.000000 0.000000
vn -1.000000 0.000000 0.000000
vn -1.000000 0.000000 0.000000
vn -1.000000 0.000000 0.000000
vn -1.000000 0.000000 0.000000
vn -1.000000 0.000000 0.000000
vn -1.000000 0.000000 0.000000
vn 0.000000 1.000000 0.000000
vn 0.000000 1.000000 0.000000
vn -0.965926 0.258819 0.000000
vn -0.965926 0.258819 0.000000
vn -0.866025 0.500000 0.000000
vn -0.866025 0.500000 0.000000
vn -0.707107 0.707107 0.000000
vn -0.707107 0.707107 0.000000
vn -0.500000 0.866025 0.000000
vn -0.500000 0.866025 0.000000
vn -0.258819 0.965926 0.000000
vn -0.258819 0.965926 0.000000
vn 0.000000 1.000000 -0.000000
vn 0.000000 1.000000 -0.000000
vn 0.258819 0.965926 -0.000000
vn 0.258819 0.965926 -0.000000
vn 0.500000 0.866025 -0.000000
vn 0.500000 0.866025 -0.000000
vn 0.707107 0.707107 -0.000000
vn 0.707107 0.707107 -0.000000
vn 0.866025 0.500000 -0.000000
vn 0.866025 0.500000 -0.000000
vn 0.965926 0.258819 -0.000000
vn 0.965926 0.258819 -0.000000
vn 0.965926 0.258819 -0.000000
vn 0.866025 0.500000 -0.000000
vn 0.707107 0.707107 -0.000000
vn 0.500000 0.866025 -0.000000
vn 0.258819 0.965926 -0.000000
vn 0.000000 1.000000 -0.000000
vn -0.258819 0.965926 0.000000
vn -0.500000 0.866025 0.000000
vn -0.707107 0.707107 0.000000
vn -0.866025 0.500000 0.000000
vn -0.965926 0.258819 0.000000
vn 1.000000 -0.000000 0.000000
vn 1.000000 -0.000000 0.000000
vn 1.000000 -0.000000 0.000000
vn 1.000000 -0.000000 0.000000
vn 1.000000 -0.000000 0.000000
vn 1.000000 -0.000000 0.000000
vn 1.000000 -0.000000 0.000000
vn 1.000000 -0.000000 0.000000
vn 1.000000 -0.000000 0.000000
vn 1.000000 -0.000000 0.000000
vn 1.000000 -0.000000 0.000000
vn 1.000000 -0.000000 0.000000
vn 1.000000 -0.000000 0.000000
vn -0.986361 -0.164595 0.000000
vn -0.986361 -0.164595 0.000000
vn -0.945817 -0.324699 0.000000
vn -0.945817 -0.324699 0.000000
vn -0.879474 -0.475947 0.000000
vn -0.879474 -0.475947 0.000000
vn -0.789141 -0.614213 0.000000
vn -0.789141 -0.614213 0.000000
vn -0.677282 -0.735724 0.000000
vn -0.677282 -0.735724 0.000000
vn -0.546948 -0.837166 0.000000
vn -0.546948 -0.837166 0.000000
vn -0.401695 -0.915773 0.000000
vn -0.401695 -0.915773 0.000000
vn -0.245485 -0.969400 0.000000
vn -0.245485 -0.969400 0.000000
vn -0.082579 -0.996584 0.000000
vn -0.082579 -0.996584 0.000000
vn 0.082579 -0.996584 -0.000000
vn 0.082579 -0.996584 -0.000000
vn 0.245485 -0.969400 -0.000000
vn 0.245485 -0.969400 -0.000000
vn 0.401695 -0.915773 -0.000000
vn 0.401695 -0.915773 -0.000000
vn 0.546948 -0.837166 -0.000000
vn 0.546948 -0.837166 -0.000000
vn 0.677282 -0.735724 -0.000000
vn 0.677282 -0.735724 -0.000000
vn 0.789141 -0.614213 -0.000000
vn 0.789141 -0.614213 -0.000000
vn 0.879474 -0.475947 -0.000000
vn 0.879474 -0.475947 -0.000000
vn 0.945817 -0.324699 -0.000000
vn 0.945817 -0.324699 -0.000000
vn 0.986361 -0.164595 -0.000000
vn 0.986361 -0.164595 -0.000000
vn -0.000000 -0.000000 -1.000000
vn -0.000000 -0.000000 -1.000000
vn -0.000000 -0.000000 -1.000000
vn -0.000000 -0.000000 -1.000000
vn -0.000000 -0.000000 -1.000000
vn -0.000000 -0.000000 -1.000000
vn -0.000000 -0.000000 -1.000000
vn -0.000000 -0.000000 -1.000000
vn -0.000000 -0.000000 -1.000000
vn -0.000000 -0.000000 -1.000000
vn -0.000000 -0.000000 -1.000000
vn -0.000000 -0.000000 -1.000000
vn -0.000000 -0.000000 -1.000000
vn -0.000000 -0.000000 -1.000000
vn -0.000000 -0.000000 -1.000000
vn -0.000000 -0.000000 -1.000000
vn -0.000000 -0.000000 -1.000000
vn -0.000000 -0.000000 -1.000000
vn -0.000000 -0.000000 -1.000000
vn -0.000000 -0.000000 -1.000000
vn -0.000000 -0.000000 -1.000000
vn -0.000000 -0.000000 -1.000000
vn -0.000000 -0.000000 -1.000000
vn -0.000000 -0.000000 -1.000000
vn -0.000000 -0.000000 -1.000000
vn -0.000000 -0.000000 -1.000000
vn -0.000000 -0.000000 -1.000000
vn -0.000000 -0.000000 -1.000000
vn -0.000000 -0.000000 -1.000000
vn -0.000000 -0.000000 -1.000000
vn -0.000000 -0.000000 -1.000000
vn -0.000000 -0.000000 -1.000000
vn -0.000000 -0.000000 -1.000000
f 126/229/213 105/230/214 125/231/215
f 125/231/215 105/230/214 106/232/216
f 125/231/215 106/232/216 107/233/217
f 125/231/215 107/233/217 124/234/218
f 124/234/218 107/233/217 108/235/219
f 124/234/218 108/235/219 123/236/220
f 123/236/220 108/235/219 109/237/221
f 123/236/220 109/237/221 122/238/222
f 122/238/222 109/237/221 110/239/223
f 122/238/222 110/239/223 121/240/224
f 121/240/224 110/239/223 111/241/225
f 121/240/224 111/241/225 120/242/226
f 120/242/226 111/241/225 112/243/227
f 120/242/226 112/243/227 119/244/228
f 119/244/228 112/243/227 113/245/229
f 119/244/228 113/245/229 118/246/230
f 118/246/230 113/245/229 114/247/231
f 118/246/230 114/247/231 117/248/232
f 117/248/232 114/247/231 116/249/233
f 116/249/233 114/247/231 115/250/234
f 105/251/214 126/252/213 128/253/235
f 128/253/235 126/252/213 127/254/236
f 125/255/237 124/256/238 126/257/239
f 126/257/239 124/256/238 123/258/240
f 126/257/239 123/258/240 122/259/241
f 122/259/241 121/260/242 126/257/239
f 126/257/239 121/260/242 129/261/243
f 126/257/239 129/261/243 127/262/244
f 121/260/242 120/263/245 129/261/243
f 129/261/243 120/263/245 119/264/246
f 129/261/243 119/264/246 118/265/247
f 118/265/247 117/266/248 129/261/243
f 129/261/243 117/266/248 116/267/249
f 151/268/250 130/269/251 150/270/252
f 150/270/252 130/269/251 131/271/253
f 150/270/252 131/271/253 132/272/254
f 150/270/252 132/272/254 149/273/255
f 149/273/255 132/272/254 133/274/256
f 149/273/255 133/274/256 148/275/257
f 148/275/257 133/274/256 134/276/258
f 148/275/257 134/276/258 147/277/259
f 147/277/259 134/276/258 135/278/260
f 147/277/259 135/278/260 146/279/261
f 146/279/261 135/278/260 136/280/262
f 146/279/261 136/280/262 145/281/263
f 145/281/263 136/280/262 137/282/264
f 145/281/263 137/282/264 144/283/265
f 144/283/265 137/282/264 138/284/266
f 144/283/265 138/284/266 143/285/267
f 143/285/267 138/284/266 139/286/268
f 143/285/267 139/286/268 142/287/269
f 142/287/269 139/286/268 141/288/270
f 141/288/270 139/286/268 140/289/271
f 150/290/272 149/291/273 151/292/274
f 151/292/274 149/291/273 148/293/275
f 151/292/274 148/293/275 147/294/276
f 147/294/276 146/295/277 151/292/274
f 151/292/274 146/295/277 152/296/278
f 151/292/274 152/296/278 153/297/279
f 146/295/277 145/298/280 152/296/278
f 152/296/278 145/298/280 144/299/281
f 152/296/278 144/299/281 143/300/282
f 143/300/282 142/301/283 152/296/278
f 152/296/278 142/301/283 141/302/284
f 140/303/271 154/304/285 141/305/270
f 141/305/270 154/304/285 183/306/286
f 183/306/286 154/304/285 155/307/287
f 183/306/286 155/307/287 182/308/288
f 182/308/288 155/307/287 156/309/289
f 182/308/288 156/309/289 157/310/290
f 182/308/288 157/310/290 181/311/291
f 181/311/291 157/310/290 158/312/292
f 181/311/291 158/312/292 159/313/293
f 181/311/291 159/313/293 180/314/294
f 180/314/294 159/313/293 160/315/295
f 180/314/294 160/315/295 179/316/296
f 179/316/296 160/315/295 161/317/297
f 179/316/296 161/317/297 162/318/298
f 179/316/296 162/318/298 178/319/299
f 178/319/299 162/318/298 163/320/300
f 178/319/299 163/320/300 177/321/301
f 177/321/301 163/320/300 164/322/302
f 177/321/301 164/322/302 165/323/303
f 177/321/301 165/323/303 176/324/304
f 176/324/304 165/323/303 166/325/305
f 176/324/304 166/325/305 175/326/306
f 175/326/306 166/325/305 167/327/307
f 175/326/306 167/327/307 168/328/308
f 175/326/306 168/328/308 174/329/309
f 174/329/309 168/328/308 169/330/310
f 174/329/309 169/330/310 170/331/311
f 174/329/309 170/331/311 173/332/312
f 173/332/312 170/331/311 171/333/313
f 173/332/312 171/333/313 129/334/314
f 129/334/314 171/333/313 172/335/315
f 129/334/314 172/335/315 127/336/316
f 127/336/316 172/335/315 128/337/317
f 140/338/318 139/339/319 185/340/320
f 185/340/320 139/339/319 138/341/321
f 185/340/320 138/341/321 137/342/322
f 137/342/322 136/343/323 185/340/320
f 185/340/320 136/343/323 135/344/324
f 185/340/320 135/344/324 130/345/325
f 130/345/325 135/344/324 134/346/326
f 130/345/325 134/346/326 133/347/327
f 133/347/327 132/348/328 130/345/325
f 130/345/325 132/348/328 131/349/329
f 130/345/325 184/350/330 185/340/320
f 130/351/251 151/352/250 184/353/331
f 184/353/331 151/352/250 153/354/332
f 129/355/243 116/356/249 197/357/333
f 197/357/333 116/356/249 186/358/334
f 197/357/333 186/358/334 198/359/335
f 198/359/335 186/358/334 187/360/336
f 198/359/335 187/360/336 199/361/337
f 199/361/337 187/360/336 188/362/338
f 199/361/337 188/362/338 200/363/339
f 200/363/339 188/362/338 189/364/340
f 200/363/339 189/364/340 201/365/341
f 201/365/341 189/364/340 190/366/342
f 201/365/341 190/366/342 202/367/343
f 202/367/343 190/366/342 191/368/344
f 202/367/343 191/368/344 203/369/345
f 203/369/345 191/368/344 192/370/346
f 203/369/345 192/370/346 204/371/347
f 204/371/347 192/370/346 193/372/348
f 204/371/347 193/372/348 205/373/349
f 205/373/349 193/372/348 194/374/350
f 205/373/349 194/374/350 206/375/351
f 206/375/351 194/374/350 195/376/352
f 206/375/351 195/376/352 207/377/353
f 207/377/353 195/376/352 196/378/354
f 207/377/353 196/378/354 152/379/278
f 152/379/278 141/380/284 207/377/353
f 207/377/353 141/380/284 183/381/355
f 207/377/353 183/381/355 206/375/351
f 206/375/351 183/381/355 182/382/356
f 206/375/351 182/382/356 205/373/349
f 205/373/349 182/382/356 181/383/357
f 205/373/349 181/383/357 204/371/347
f 204/371/347 181/383/357 180/384/358
f 204/371/347 180/384/358 203/369/345
f 203/369/345 180/384/358 179/385/359
f 203/369/345 179/385/359 202/367/343
f 202/367/343 179/385/359 178/386/360
f 202/367/343 178/386/360 201/365/341
f 201/365/341 178/386/360 177/387/361
f 201/365/341 177/387/361 200/363/339
f 200/363/339 177/387/361 176/388/362
f 200/363/339 176/388/362 199/361/337
f 199/361/337 176/388/362 175/389/363
f 199/361/337 175/389/363 198/359/335
f 198/359/335 175/389/363 174/390/364
f 198/359/335 174/390/364 197/357/333
f 197/357/333 174/390/364 173/391/365
f 197/357/333 173/391/365 129/355/243
f 115/392/366 114/393/367 172/394/368
f 172/394/368 114/393/367 113/395/369
f 172/394/368 113/395/369 112/396/370
f 112/396/370 111/397/371 172/394/368
f 172/394/368 111/397/371 110/398/372
f 172/394/368 110/398/372 105/399/373
f 105/399/373 110/398/372 109/400/374
f 105/399/373 109/400/374 108/401/375
f 108/401/375 107/402/376 105/399/373
f 105/399/373 107/402/376 106/403/377
f 105/399/373 128/404/378 172/394/368
f 140/405/318 185/406/320 154/407/379
f 154/407/379 185/406/320 208/408/380
f 154/407/379 208/408/380 209/409/381
f 154/407/379 209/409/381 155/410/382
f 155/410/382 209/409/381 210/411/383
f 155/410/382 210/411/383 156/412/384
f 156/412/384 210/411/383 211/413/385
f 156/412/384 211/413/385 157/414/386
f 157/414/386 211/413/385 212/415/387
f 157/414/386 212/415/387 158/416/388
f 158/416/388 212/415/387 213/417/389
f 158/416/388 213/417/389 159/418/390
f 159/418/390 213/417/389 214/419/391
f 159/418/390 214/419/391 160/420/392
f 160/420/392 214/419/391 215/421/393
f 160/420/392 215/421/393 161/422/394
f 161/422/394 215/421/393 216/423/395
f 161/422/394 216/423/395 162/424/396
f 162/424/396 216/423/395 217/425/397
f 162/424/396 217/425/397 163/426/398
f 163/426/398 217/425/397 218/427/399
f 163/426/398 218/427/399 164/428/400
f 164/428/400 218/427/399 219/429/401
f 164/428/400 219/429/401 165/430/402
f 165/430/402 219/429/401 220/431/403
f 165/430/402 220/431/403 166/432/404
f 166/432/404 220/431/403 221/433/405
f 166/432/404 221/433/405 167/434/406
f 167/434/406 221/433/405 222/435/407
f 167/434/406 222/435/407 168/436/408
f 168/436/408 222/435/407 223/437/409
f 168/436/408 223/437/409 169/438/410
f 169/438/410 223/437/409 224/439/411
f 169/438/410 224/439/411 170/440/412
f 170/440/412 224/439/411 225/441/413
f 170/440/412 225/441/413 171/442/414
f 171/442/414 225/441/413 172/443/368
f 172/443/368 225/441/413 115/444/366
f 115/445/234 225/446/415 116/447/233
f 116/447/233 225/446/415 186/448/416
f 186/448/416 225/446/415 224/449/417
f 186/448/416 224/449/417 187/450/418
f 187/450/418 224/449/417 223/451/419
f 187/450/418 223/451/419 222/452/420
f 187/450/418 222/452/420 188/453/421
f 188/453/421 222/452/420 221/454/422
f 188/453/421 221/454/422 220/455/423
f 188/453/421 220/455/423 189/456/424
f 189/456/424 220/455/423 219/457/425
f 189/456/424 219/457/425 190/458/426
f 190/458/426 219/457/425 218/459/427
f 190/458/426 218/459/427 217/460/428
f 190/458/426 217/460/428 191/461/429
f 191/461/429 217/460/428 216/462/430
f 191/461/429 216/462/430 192/463/431
f 192/463/431 216/462/430 215/464/432
f 192/463/431 215/464/432 214/465/433
f 192/463/431 214/465/433 193/466/434
f 193/466/434 214/465/433 213/467/435
f 193/466/434 213/467/435 194/468/436
f 194/468/436 213/467/435 212/469/437
f 194/468/436 212/469/437 211/470/438
f 194/468/436 211/470/438 195/471/439
f 195/471/439 211/470/438 210/472/440
f 195/471/439 210/472/440 209/473/441
f 195/471/439 209/473/441 196/474/442
f 196/474/442 209/473/441 208/475/443
f 196/474/442 208/475/443 152/476/444
f 152/476/444 208/475/443 185/477/445
f 152/476/444 185/477/445 153/478/446
f 153/478/446 185/477/445 184/479/447
g Body4

v -2.500000 7.500000 2.500000
v -2.500000 7.530779 2.108914
v -2.500000 7.622359 1.727458
v -2.500000 7.772484 1.365024
v -2.500000 7.977458 1.030537
v -2.500000 8.232233 0.732233
v -2.500000 8.530537 0.477458
v -2.500000 8.865024 0.272484
v -2.500000 9.227458 0.122359
v -2.500000 9.608914 0.030779
v -2.500000 10.000000 0.000000
v -0.833333 10.000000 0.000000
v -0.833333 9.608914 0.030779
v -0.833333 9.227458 0.122359
v -0.833333 8.865024 0.272484
v -0.833333 8.530537 0.477458
v -0.833333 8.232233 0.732233
v -0.833333 7.977458 1.030537
v -0.833333 7.772484 1.365024
v -0.833333 7.622359 1.727458
v -0.833333 7.530779 2.108914
v -0.833333 7.500000 2.500000
v -0.833333 7.500000 3.750000
v -2.500000 7.500000 3.750000
v -0.833333 10.000000 3.750000
v 2.500000 7.500000 1.250000
v 2.500000 7.530779 1.641086
v 2.500000 7.622359 2.022542
v 2.500000 7.772484 2.384976
v 2.500000 7.977458 2.719463
v 2.500000 8.232233 3.017767
v 2.500000 8.530537 3.272542
v 2.500000 8.865024 3.477516
v 2.500000 9.227458 3.627641
v 2.500000 9.608914 3.719221
v 2.500000 10.000000 3.750000
v 0.833333 10.000000 3.750000
v 0.833333 9.608914 3.719221
v 0.833333 9.227458 3.627641
v 0.833333 8.865024 3.477516
v 0.833333 8.530537 3.272542
v 0.833333 8.232233 3.017767
v 0.833333 7.977458 2.719463
v 0.833333 7.772484 2.384976
v 0.833333 7.622359 2.022542
v 0.833333 7.530779 1.641086
v 0.833333 7.500000 1.250000
v 0.833333 10.000000 0.000000
v 0.833333 7.500000 0.000000
v 2.469221 10.391086 3.750000
v 2.377641 10.772542 3.750000
v 2.227516 11.134976 3.750000
v 2.022542 11.469463 3.750000
v 1.767767 11.767767 3.750000
v 1.469463 12.022542 3.750000
v 1.134976 12.227516 3.750000
v 0.772542 12.377641 3.750000
v 0.391086 12.469221 3.750000
v 0.000000 12.500000 3.750000
v -0.391086 12.469221 3.750000
v -0.772542 12.377641 3.750000
v -1.134976 12.227516 3.750000
v -1.469463 12.022542 3.750000
v -1.767767 11.767767 3.750000
v -2.022542 11.469463 3.750000
v -2.227516 11.134976 3.750000
v -2.377641 10.772542 3.750000
v -2.469221 10.391086 3.750000
v -2.500000 10.000000 3.750000
v -0.804938 10.215683 3.750000
v -0.721688 10.416667 3.750000
v -0.589256 10.589256 3.750000
v -0.416667 10.721688 3.750000
v -0.215683 10.804938 3.750000
v 0.000000 10.833333 3.750000
v 0.215683 10.804938 3.750000
v 0.416667 10.721688 3.750000
v 0.589256 10.589256 3.750000
v 0.721688 10.416667 3.750000
v 0.804938 10.215683 3.750000
v 2.500000 10.000000 0.000000
v 2.469221 10.391086 0.000000
v 2.377641 10.772542 0.000000
v 2.227516 11.134976 0.000000
v 2.022542 11.469463 0.000000
v 1.767767 11.767767 0.000000
v 1.469463 12.022542 0.000000
v 1.134976 12.227516 0.000000
v 0.772542 12.377641 0.000000
v 0.391086 12.469221 0.000000
v 0.000000 12.500000 0.000000
v -0.391086 12.469221 0.000000
v -0.772542 12.377641 0.000000
v -1.134976 12.227516 0.000000
v -1.469463 12.022542 0.000000
v -1.767767 11.767767 0.000000
v -2.022542 11.469463 0.000000
v -2.227516 11.134976 0.000000
v -2.377641 10.772542 0.000000
v -2.469221 10.391086 0.000000
v 2.500000 7.500000 0.000000
v -0.804938 10.215683 0.000000
v -0.721688 10.416667 0.000000
v -0.589256 10.589256 0.000000
v -0.416667 10.721688 0.000000
v -0.215683 10.804938 0.000000
v 0.000000 10.833333 0.000000
v 0.215683 10.804938 0.000000
v 0.416667 10.721688 0.000000
v 0.589256 10.589256 0.000000
v 0.721688 10.416667 0.000000
v 0.804938 10.215683 0.000000
vt 0.416667 1.963495 0.000000
vt -1.250000 1.963495 0.000000
vt 0.416667 1.570796 0.000000
vt -1.250000 1.570796 0.000000
vt 0.416667 1.178097 0.000000
vt -1.250000 1.178097 0.000000
vt 0.416667 0.785398 0.000000
vt -1.250000 0.785398 0.000000
vt 0.416667 0.392699 0.000000
vt -1.250000 0.392699 0.000000
vt 0.416667 -0.000000 0.000000
vt -1.250000 -0.000000 0.000000
vt 0.416667 -0.392699 0.000000
vt -1.250000 -0.392699 0.000000
vt 0.416667 -0.785398 0.000000
vt -1.250000 -0.785398 0.000000
vt 0.416667 -1.178097 0.000000
vt -1.250000 -1.178097 0.000000
vt 0.416667 -1.570796 0.000000
vt -1.250000 -1.570796 0.000000
vt 0.416667 -1.963495 0.000000
vt -1.250000 -1.963495 0.000000
vt 0.000000 2.500000 0.000000
vt 1.666667 2.500000 0.000000
vt 0.000000 3.750000 0.000000
vt 1.666667 3.750000 0.000000
vt 0.000000 3.750000 0.000000
vt 0.000000 2.500000 0.000000
vt 2.500000 3.750000 0.000000
vt 0.030779 2.108914 0.000000
vt 0.122359 1.727458 0.000000
vt 0.272484 1.365024 0.000000
vt 0.477458 1.030537 0.000000
vt 0.732233 0.732233 0.000000
vt 1.030537 0.477458 0.000000
vt 1.365024 0.272484 0.000000
vt 1.727458 0.122359 0.000000
vt 2.108914 0.030779 0.000000
vt 2.500000 0.000000 0.000000
vt 0.416667 -1.963495 0.000000
vt 2.083333 -1.963495 0.000000
vt 0.416667 -1.570796 0.000000
vt 2.083333 -1.570796 0.000000
vt 0.416667 -1.178097 0.000000
vt 2.083333 -1.178097 0.000000
vt 0.416667 -0.785398 0.000000
vt 2.083333 -0.785398 0.000000
vt 0.416667 -0.392699 0.000000
vt 2.083333 -0.392699 0.000000
vt 0.416667 0.000000 0.000000
vt 2.083333 0.000000 0.000000
vt 0.416667 0.392699 0.000000
vt 2.083333 0.392699 0.000000
vt 0.416667 0.785398 0.000000
vt 2.083333 0.785398 0.000000
vt 0.416667 1.178097 0.000000
vt 2.083333 1.178097 0.000000
vt 0.416667 1.570796 0.000000
vt 2.083333 1.570796 0.000000
vt 0.416667 1.963495 0.000000
vt 2.083333 1.963495 0.000000
vt 2.500000 0.000000 0.000000
vt 2.500000 1.250000 0.000000
vt 0.000000 0.000000 0.000000
vt 2.469221 1.641086 0.000000
vt 2.377641 2.022542 0.000000
vt 2.227516 2.384976 0.000000
vt 2.022542 2.719463 0.000000
vt 1.767767 3.017767 0.000000
vt 1.469463 3.272542 0.000000
vt 1.134976 3.477516 0.000000
vt 0.772542 3.627641 0.000000
vt 0.391086 3.719221 0.000000
vt 0.000000 3.750000 0.000000
vt 2.500000 0.000000 0.000000
vt 2.469221 0.391086 0.000000
vt 0.833333 0.000000 0.000000
vt 0.804938 0.215683 0.000000
vt 2.377641 0.772542 0.000000
vt 0.721688 0.416667 0.000000
vt 2.227516 1.134976 0.000000
vt 2.022542 1.469463 0.000000
vt 0.589256 0.589256 0.000000
vt 1.767767 1.767767 0.000000
vt 1.469463 2.022542 0.000000
vt 0.416667 0.721688 0.000000
vt 1.134976 2.227516 0.000000
vt 0.215683 0.804938 0.000000
vt 0.772542 2.377641 0.000000
vt 0.391086 2.469221 0.000000
vt -0.000000 0.833333 0.000000
vt 0.000000 2.500000 0.000000
vt -0.391086 2.469221 0.000000
vt -0.215683 0.804938 0.000000
vt -0.772542 2.377641 0.000000
vt -1.134976 2.227516 0.000000
vt -0.416667 0.721688 0.000000
vt -1.469463 2.022542 0.000000
vt -0.589256 0.589256 0.000000
vt -1.767767 1.767767 0.000000
vt -2.022542 1.469463 0.000000
vt -0.721688 0.416667 0.000000
vt -2.227516 1.134976 0.000000
vt -2.377641 0.772542 0.000000
vt -0.804938 0.215683 0.000000
vt -2.469221 0.391086 0.000000
vt -0.833333 0.000000 0.000000
vt -2.500000 0.000000 0.000000
vt -0.833333 -2.500000 0.000000
vt -2.500000 -2.500000 0.000000
vt 0.000000 0.000000 0.000000
vt 0.391086 0.030779 0.000000
vt 0.000000 3.750000 0.000000
vt 0.772542 0.122359 0.000000
vt 1.134976 0.272484 0.000000
vt 1.469463 0.477458 0.000000
vt 1.767767 0.732233 0.000000
vt 2.022542 1.030537 0.000000
vt 2.227516 1.365024 0.000000
vt 2.377641 1.727458 0.000000
vt 2.469221 2.108914 0.000000
vt 2.500000 2.500000 0.000000
vt 2.500000 3.750000 0.000000
vt -0.000000 -7.853982 0.000000
vt -3.750000 -7.853982 0.000000
vt -0.000000 -8.246681 0.000000
vt -3.750000 -8.246681 0.000000
vt -0.000000 -8.639380 0.000000
vt -3.750000 -8.639380 0.000000
vt -0.000000 -9.032079 0.000000
vt -3.750000 -9.032079 0.000000
vt -0.000000 -9.424778 0.000000
vt -3.750000 -9.424778 0.000000
vt -0.000000 -9.817477 0.000000
vt -3.750000 -9.817477 0.000000
vt -0.000000 -10.210176 0.000000
vt -3.750000 -10.210176 0.000000
vt -0.000000 -10.602875 0.000000
vt -3.750000 -10.602875 0.000000
vt -0.000000 -10.995574 0.000000
vt -3.750000 -10.995574 0.000000
vt -0.000000 -11.388273 0.000000
vt -3.750000 -11.388273 0.000000
vt -0.000000 -11.780972 0.000000
vt -3.750000 -11.780972 0.000000
vt -0.000000 -12.173672 0.000000
vt -3.750000 -12.173672 0.000000
vt -0.000000 -12.566371 0.000000
vt -3.750000 -12.566371 0.000000
vt -0.000000 -12.959070 0.000000
vt -3.750000 -12.959070 0.000000
vt -0.000000 -13.351769 0.000000
vt -3.750000 -13.351769 0.000000
vt -0.000000 -13.744468 0.000000
vt -3.750000 -13.744468 0.000000
vt -0.000000 -14.137167 0.000000
vt -3.750000 -14.137167 0.000000
vt -0.000000 -14.529866 0.000000
vt -3.750000 -14.529866 0.000000
vt -0.000000 -14.922565 0.000000
vt -3.750000 -14.922565 0.000000
vt -0.000000 -15.315264 0.000000
vt -3.750000 -15.315264 0.000000
vt -0.000000 -15.707963 0.000000
vt -3.750000 -15.707963 0.000000
vt 2.500000 3.750000 0.000000
vt 2.108914 3.719221 0.000000
vt 2.500000 0.000000 0.000000
vt 1.727458 3.627641 0.000000
vt 1.365024 3.477516 0.000000
vt 1.030537 3.272542 0.000000
vt 0.732233 3.017767 0.000000
vt 0.477458 2.719463 0.000000
vt 0.272484 2.384976 0.000000
vt 0.122359 2.022542 0.000000
vt 0.030779 1.641086 0.000000
vt 0.000000 1.250000 0.000000
vt 0.000000 0.000000 0.000000
vt 1.666667 1.250000 0.000000
vt 0.000000 1.250000 0.000000
vt 1.666667 0.000000 0.000000
vt 0.000000 0.000000 0.000000
vt 0.000000 0.000000 0.000000
vt 3.750000 0.000000 0.000000
vt 0.000000 0.218166 0.000000
vt 3.750000 0.218166 0.000000
vt 0.000000 0.436332 0.000000
vt 3.750000 0.436332 0.000000
vt -0.000000 0.654498 0.000000
vt 3.750000 0.654498 0.000000
vt 0.000000 0.872665 0.000000
vt 3.750000 0.872665 0.000000
vt 0.000000 1.090831 0.000000
vt 3.750000 1.090831 0.000000
vt -0.000000 1.308997 0.000000
vt 3.750000 1.308997 0.000000
vt 0.000000 1.527163 0.000000
vt 3.750000 1.527163 0.000000
vt 0.000000 1.745329 0.000000
vt 3.750000 1.745329 0.000000
vt 0.000000 1.963495 0.000000
vt 3.750000 1.963495 0.000000
vt 0.000000 2.181662 0.000000
vt 3.750000 2.181662 0.000000
vt -0.000000 2.399828 0.000000
vt 3.750000 2.399828 0.000000
vt 0.000000 2.617994 0.000000
vt 3.750000 2.617994 0.000000
vt 2.500000 0.000000 0.000000
vt 2.469221 0.391086 0.000000
vt 0.833333 0.000000 0.000000
vt 0.804938 0.215683 0.000000
vt 2.377641 0.772542 0.000000
vt 0.721688 0.416667 0.000000
vt 2.227516 1.134976 0.000000
vt 2.022542 1.469463 0.000000
vt 0.589256 0.589256 0.000000
vt 1.767767 1.767767 0.000000
vt 1.469463 2.022542 0.000000
vt 0.416667 0.721688 0.000000
vt 1.134976 2.227516 0.000000
vt 0.215683 0.804938 0.000000
vt 0.772542 2.377641 0.000000
vt 0.391086 2.469221 0.000000
vt -0.000000 0.833333 0.000000
vt 0.000000 2.500000 0.000000
vt -0.391086 2.469221 0.000000
vt -0.215683 0.804938 0.000000
vt -0.772542 2.377641 0.000000
vt -1.134976 2.227516 0.000000
vt -0.416667 0.721688 0.000000
vt -1.469463 2.022542 0.000000
vt -0.589256 0.589256 0.000000
vt -1.767767 1.767767 0.000000
vt -2.022542 1.469463 0.000000
vt -0.721688 0.416667 0.000000
vt -2.227516 1.134976 0.000000
vt -2.377641 0.772542 0.000000
vt -0.804938 0.215683 0.000000
vt -2.469221 0.391086 0.000000
vt -0.833333 0.000000 0.000000
vt -2.500000 0.000000 0.000000
vt -0.833333 -2.500000 0.000000
vt -2.500000 -2.500000 0.000000
vn -0.000000 -1.000000 -0.000000
vn -0.000000 -1.000000 -0.000000
vn -0.000000 -0.987688 -0.156434
vn -0.000000 -0.987688 -0.156434
vn -0.000000 -0.951057 -0.309017
vn -0.000000 -0.951057 -0.309017
vn -0.000000 -0.891007 -0.453990
vn -0.000000 -0.891007 -0.453990
vn -0.000000 -0.809017 -0.587785
vn -0.000000 -0.809017 -0.587785
vn -0.000000 -0.707107 -0.707107
vn -0.000000 -0.707107 -0.707107
vn -0.000000 -0.587785 -0.809017
vn -0.000000 -0.587785 -0.809017
vn -0.000000 -0.453990 -0.891007
vn -0.000000 -0.453990 -0.891007
vn -0.000000 -0.309017 -0.951057
vn -0.000000 -0.309017 -0.951057
vn -0.000000 -0.156434 -0.987688
vn -0.000000 -0.156434 -0.987688
vn 0.000000 0.000000 -1.000000
vn 0.000000 0.000000 -1.000000
vn -0.000000 -1.000000 0.000000
vn -0.000000 -1.000000 0.000000
vn 1.000000 -0.000000 0.000000
vn 1.000000 -0.000000 0.000000
vn 1.000000 -0.000000 0.000000
vn 1.000000 -0.000000 0.000000
vn 1.000000 -0.000000 0.000000
vn 1.000000 -0.000000 0.000000
vn 1.000000 -0.000000 0.000000
vn 1.000000 -0.000000 0.000000
vn 1.000000 -0.000000 0.000000
vn 1.000000 -0.000000 0.000000
vn 1.000000 -0.000000 0.000000
vn 1.000000 -0.000000 0.000000
vn 1.000000 -0.000000 0.000000
vn -0.000000 -1.000000 0.000000
vn -0.000000 -1.000000 -0.000000
vn -0.000000 -0.987688 0.156434
vn -0.000000 -0.987688 0.156434
vn -0.000000 -0.951057 0.309017
vn -0.000000 -0.951057 0.309017
vn -0.000000 -0.891007 0.453990
vn -0.000000 -0.891007 0.453990
vn -0.000000 -0.809017 0.587785
vn -0.000000 -0.809017 0.587785
vn -0.000000 -0.707107 0.707107
vn -0.000000 -0.707107 0.707107
vn -0.000000 -0.587785 0.809017
vn -0.000000 -0.587785 0.809017
vn -0.000000 -0.453990 0.891007
vn -0.000000 -0.453990 0.891007
vn -0.000000 -0.309017 0.951057
vn -0.000000 -0.309017 0.951057
vn -0.000000 -0.156434 0.987688
vn -0.000000 -0.156434 0.987688
vn 0.000000 0.000000 1.000000
vn 0.000000 0.000000 1.000000
vn -1.000000 0.000000 0.000000
vn -1.000000 0.000000 0.000000
vn -1.000000 0.000000 0.000000
vn -1.000000 0.000000 0.000000
vn -1.000000 0.000000 0.000000
vn -1.000000 0.000000 0.000000
vn -1.000000 0.000000 0.000000
vn -1.000000 0.000000 0.000000
vn -1.000000 0.000000 0.000000
vn -1.000000 0.000000 0.000000
vn -1.000000 0.000000 0.000000
vn -1.000000 0.000000 0.000000
vn -1.000000 0.000000 0.000000
vn 0.000000 0.000000 1.000000
vn 0.000000 0.000000 1.000000
vn 0.000000 0.000000 1.000000
vn 0.000000 0.000000 1.000000
vn 0.000000 0.000000 1.000000
vn 0.000000 0.000000 1.000000
vn 0.000000 0.000000 1.000000
vn 0.000000 0.000000 1.000000
vn 0.000000 0.000000 1.000000
vn 0.000000 0.000000 1.000000
vn 0.000000 0.000000 1.000000
vn 0.000000 0.000000 1.000000
vn 0.000000 0.000000 1.000000
vn 0.000000 0.000000 1.000000
vn 0.000000 0.000000 1.000000
vn 0.000000 0.000000 1.000000
vn 0.000000 0.000000 1.000000
vn 0.000000 0.000000 1.000000
vn 0.000000 0.000000 1.000000
vn 0.000000 0.000000 1.000000
vn 0.000000 0.000000 1.000000
vn 0.000000 0.000000 1.000000
vn 0.000000 0.000000 1.000000
vn 0.000000 0.000000 1.000000
vn 0.000000 0.000000 1.000000
vn 0.000000 0.000000 1.000000
vn 0.000000 0.000000 1.000000
vn 0.000000 0.000000 1.000000
vn 0.000000 0.000000 1.000000
vn 0.000000 0.000000 1.000000
vn 0.000000 0.000000 1.000000
vn 0.000000 0.000000 1.000000
vn 0.000000 0.000000 1.000000
vn 0.000000 0.000000 1.000000
vn -1.000000 0.000000 0.000000
vn -1.000000 0.000000 0.000000
vn -1.000000 0.000000 0.000000
vn -1.000000 0.000000 0.000000
vn -1.000000 0.000000 0.000000
vn -1.000000 0.000000 0.000000
vn -1.000000 0.000000 0.000000
vn -1.000000 0.000000 0.000000
vn -1.000000 0.000000 0.000000
vn -1.000000 0.000000 0.000000
vn -1.000000 0.000000 0.000000
vn -1.000000 0.000000 0.000000
vn -1.000000 0.000000 0.000000
vn -0.987688 0.156434 -0.000000
vn -0.987688 0.156434 -0.000000
vn -0.951057 0.309017 -0.000000
vn -0.951057 0.309017 -0.000000
vn -0.891007 0.453990 -0.000000
vn -0.891007 0.453990 -0.000000
vn -0.809017 0.587785 -0.000000
vn -0.809017 0.587785 -0.000000
vn -0.707107 0.707107 -0.000000
vn -0.707107 0.707107 -0.000000
vn -0.587785 0.809017 -0.000000
vn -0.587785 0.809017 -0.000000
vn -0.453990 0.891007 -0.000000
vn -0.453990 0.891007 -0.000000
vn -0.309017 0.951057 -0.000000
vn -0.309017 0.951057 -0.000000
vn -0.156434 0.987688 -0.000000
vn -0.156434 0.987688 -0.000000
vn 0.000000 1.000000 -0.000000
vn 0.000000 1.000000 -0.000000
vn 0.156434 0.987688 -0.000000
vn 0.156434 0.987688 -0.000000
vn 0.309017 0.951057 -0.000000
vn 0.309017 0.951057 -0.000000
vn 0.453990 0.891007 -0.000000
vn 0.453990 0.891007 -0.000000
vn 0.587785 0.809017 -0.000000
vn 0.587785 0.809017 -0.000000
vn 0.707107 0.707107 -0.000000
vn 0.707107 0.707107 -0.000000
vn 0.809017 0.587785 -0.000000
vn 0.809017 0.587785 -0.000000
vn 0.891007 0.453990 -0.000000
vn 0.891007 0.453990 -0.000000
vn 0.951057 0.309017 -0.000000
vn 0.951057 0.309017 -0.000000
vn 0.987688 0.156434 -0.000000
vn 0.987688 0.156434 -0.000000
vn 1.000000 0.000000 -0.000000
vn 1.000000 0.000000 -0.000000
vn 1.000000 -0.000000 0.000000
vn 1.000000 -0.000000 0.000000
vn 1.000000 -0.000000 0.000000
vn 1.000000 -0.000000 0.000000
vn 1.000000 -0.000000 0.000000
vn 1.000000 -0.000000 0.000000
vn 1.000000 -0.000000 0.000000
vn 1.000000 -0.000000 0.000000
vn 1.000000 -0.000000 0.000000
vn 1.000000 -0.000000 0.000000
vn 1.000000 -0.000000 0.000000
vn -0.000000 -1.000000 0.000000
vn -0.000000 -1.000000 0.000000
vn -0.965926 -0.258819 0.000000
vn -0.965926 -0.258819 0.000000
vn -0.866025 -0.500000 0.000000
vn -0.866025 -0.500000 0.000000
vn -0.707107 -0.707107 0.000000
vn -0.707107 -0.707107 0.000000
vn -0.500000 -0.866025 0.000000
vn -0.500000 -0.866025 0.000000
vn -0.258819 -0.965926 0.000000
vn -0.258819 -0.965926 0.000000
vn -0.000000 -1.000000 0.000000
vn -0.000000 -1.000000 0.000000
vn 0.258819 -0.965926 0.000000
vn 0.258819 -0.965926 0.000000
vn 0.500000 -0.866025 0.000000
vn 0.500000 -0.866025 0.000000
vn 0.707107 -0.707107 0.000000
vn 0.707107 -0.707107 0.000000
vn 0.866025 -0.500000 0.000000
vn 0.866025 -0.500000 0.000000
vn 0.965926 -0.258819 0.000000
vn 0.965926 -0.258819 0.000000
vn -0.000000 -0.000000 -1.000000
vn -0.000000 -0.000000 -1.000000
vn -0.000000 -0.000000 -1.000000
vn -0.000000 -0.000000 -1.000000
vn -0.000000 -0.000000 -1.000000
vn -0.000000 -0.000000 -1.000000
vn -0.000000 -0.000000 -1.000000
vn -0.000000 -0.000000 -1.000000
vn -0.000000 -0.000000 -1.000000
vn -0.000000 -0.000000 -1.000000
vn -0.000000 -0.000000 -1.000000
vn -0.000000 -0.000000 -1.000000
vn -0.000000 -0.000000 -1.000000
vn -0.000000 -0.000000 -1.000000
vn -0.000000 -0.000000 -1.000000
vn -0.000000 -0.000000 -1.000000
vn -0.000000 -0.000000 -1.000000
vn -0.000000 -0.000000 -1.000000
vn -0.000000 -0.000000 -1.000000
vn -0.000000 -0.000000 -1.000000
vn -0.000000 -0.000000 -1.000000
vn -0.000000 -0.000000 -1.000000
vn -0.000000 -0.000000 -1.000000
vn -0.000000 -0.000000 -1.000000
vn -0.000000 -0.000000 -1.000000
vn -0.000000 -0.000000 -1.000000
vn -0.000000 -0.000000 -1.000000
vn -0.000000 -0.000000 -1.000000
vn -0.000000 -0.000000 -1.000000
vn -0.000000 -0.000000 -1.000000
vn -0.000000 -0.000000 -1.000000
vn -0.000000 -0.000000 -1.000000
vn -0.000000 -0.000000 -1.000000
vn -0.000000 -0.000000 -1.000000
f 247/480/448 226/481/449 246/482/450
f 246/482/450 226/481/449 227/483/451
f 246/482/450 227/483/451 245/484/452
f 245/484/452 227/483/451 228/485/453
f 245/484/452 228/485/453 244/486/454
f 244/486/454 228/485/453 229/487/455
f 244/486/454 229/487/455 243/488/456
f 243/488/456 229/487/455 230/489/457
f 243/488/456 230/489/457 242/490/458
f 242/490/458 230/489/457 231/491/459
f 242/490/458 231/491/459 241/492/460
f 241/492/460 231/491/459 232/493/461
f 241/492/460 232/493/461 240/494/462
f 240/494/462 232/493/461 233/495/463
f 240/494/462 233/495/463 239/496/464
f 239/496/464 233/495/463 234/497/465
f 239/496/464 234/497/465 238/498/466
f 238/498/466 234/497/465 235/499/467
f 238/498/466 235/499/467 237/500/468
f 237/500/468 235/499/467 236/501/469
f 226/502/449 247/503/448 249/504/470
f 249/504/470 247/503/448 248/505/471
f 248/506/472 247/507/473 250/508/474
f 250/508/474 247/507/473 246/509/475
f 250/508/474 246/509/475 245/510/476
f 245/510/476 244/511/477 250/508/474
f 250/508/474 244/511/477 243/512/478
f 250/508/474 243/512/478 242/513/479
f 242/513/479 241/514/480 250/508/474
f 250/508/474 241/514/480 240/515/481
f 250/508/474 240/515/481 239/516/482
f 239/516/482 238/517/483 250/508/474
f 250/508/474 238/517/483 237/518/484
f 272/519/485 251/520/486 271/521/487
f 271/521/487 251/520/486 252/522/488
f 271/521/487 252/522/488 270/523/489
f 270/523/489 252/522/488 253/524/490
f 270/523/489 253/524/490 269/525/491
f 269/525/491 253/524/490 254/526/492
f 269/525/491 254/526/492 268/527/493
f 268/527/493 254/526/492 255/528/494
f 268/527/493 255/528/494 267/529/495
f 267/529/495 255/528/494 256/530/496
f 267/529/495 256/530/496 266/531/497
f 266/531/497 256/530/496 257/532/498
f 266/531/497 257/532/498 265/533/499
f 265/533/499 257/532/498 258/534/500
f 265/533/499 258/534/500 264/535/501
f 264/535/501 258/534/500 259/536/502
f 264/535/501 259/536/502 263/537/503
f 263/537/503 259/536/502 260/538/504
f 263/537/503 260/538/504 262/539/505
f 262/539/505 260/538/504 261/540/506
f 274/541/507 272/542/508 273/543/509
f 273/543/509 272/542/508 271/544/510
f 273/543/509 271/544/510 270/545/511
f 270/545/511 269/546/512 273/543/509
f 273/543/509 269/546/512 268/547/513
f 273/543/509 268/547/513 267/548/514
f 267/548/514 266/549/515 273/543/509
f 273/543/509 266/549/515 265/550/516
f 273/543/509 265/550/516 264/551/517
f 264/551/517 263/552/518 273/543/509
f 273/543/509 263/552/518 262/553/519
f 261/554/506 275/555/520 262/556/505
f 262/556/505 275/555/520 305/557/521
f 305/557/521 275/555/520 276/558/522
f 305/557/521 276/558/522 304/559/523
f 304/559/523 276/558/522 277/560/524
f 304/559/523 277/560/524 278/561/525
f 304/559/523 278/561/525 303/562/526
f 303/562/526 278/561/525 279/563/527
f 303/562/526 279/563/527 280/564/528
f 303/562/526 280/564/528 302/565/529
f 302/565/529 280/564/528 281/566/530
f 302/565/529 281/566/530 301/567/531
f 301/567/531 281/566/530 282/568/532
f 301/567/531 282/568/532 283/569/533
f 301/567/531 283/569/533 300/570/534
f 300/570/534 283/569/533 284/571/535
f 300/570/534 284/571/535 285/572/536
f 300/570/534 285/572/536 299/573/537
f 299/573/537 285/572/536 286/574/538
f 299/573/537 286/574/538 287/575/539
f 299/573/537 287/575/539 298/576/540
f 298/576/540 287/575/539 288/577/541
f 298/576/540 288/577/541 297/578/542
f 297/578/542 288/577/541 289/579/543
f 297/578/542 289/579/543 290/580/544
f 297/578/542 290/580/544 296/581/545
f 296/581/545 290/580/544 291/582/546
f 296/581/545 291/582/546 292/583/547
f 296/581/545 292/583/547 295/584/548
f 295/584/548 292/583/547 293/585/549
f 295/584/548 293/585/549 250/586/550
f 250/586/550 293/585/549 294/587/551
f 250/586/550 294/587/551 248/588/552
f 248/588/552 294/587/551 249/589/553
f 236/590/554 235/591/555 294/592/556
f 294/592/556 235/591/555 234/593/557
f 294/592/556 234/593/557 233/594/558
f 233/594/558 232/595/559 294/592/556
f 294/592/556 232/595/559 231/596/560
f 294/592/556 231/596/560 230/597/561
f 230/597/561 229/598/562 294/592/556
f 294/592/556 229/598/562 228/599/563
f 294/592/556 228/599/563 227/600/564
f 227/600/564 226/601/565 294/592/556
f 294/592/556 226/601/565 249/602/566
f 236/603/554 294/604/556 325/605/567
f 325/605/567 294/604/556 293/606/568
f 325/605/567 293/606/568 324/607/569
f 324/607/569 293/606/568 292/608/570
f 324/607/569 292/608/570 323/609/571
f 323/609/571 292/608/570 291/610/572
f 323/609/571 291/610/572 322/611/573
f 322/611/573 291/610/572 290/612/574
f 322/611/573 290/612/574 321/613/575
f 321/613/575 290/612/574 289/614/576
f 321/613/575 289/614/576 320/615/577
f 320/615/577 289/614/576 288/616/578
f 320/615/577 288/616/578 319/617/579
f 319/617/579 288/616/578 287/618/580
f 319/617/579 287/618/580 318/619/581
f 318/619/581 287/618/580 286/620/582
f 318/619/581 286/620/582 317/621/583
f 317/621/583 286/620/582 285/622/584
f 317/621/583 285/622/584 316/623/585
f 316/623/585 285/622/584 284/624/586
f 316/623/585 284/624/586 315/625/587
f 315/625/587 284/624/586 283/626/588
f 315/625/587 283/626/588 314/627/589
f 314/627/589 283/626/588 282/628/590
f 314/627/589 282/628/590 313/629/591
f 313/629/591 282/628/590 281/630/592
f 313/629/591 281/630/592 312/631/593
f 312/631/593 281/630/592 280/632/594
f 312/631/593 280/632/594 311/633/595
f 311/633/595 280/632/594 279/634/596
f 311/633/595 279/634/596 310/635/597
f 310/635/597 279/634/596 278/636/598
f 310/635/597 278/636/598 309/637/599
f 309/637/599 278/636/598 277/638/600
f 309/637/599 277/638/600 308/639/601
f 308/639/601 277/638/600 276/640/602
f 308/639/601 276/640/602 307/641/603
f 307/641/603 276/640/602 275/642/604
f 307/641/603 275/642/604 306/643/605
f 306/643/605 275/642/604 261/644/606
f 261/645/606 260/646/607 306/647/605
f 306/647/605 260/646/607 259/648/608
f 306/647/605 259/648/608 258/649/609
f 258/649/609 257/650/610 306/647/605
f 306/647/605 257/650/610 256/651/611
f 306/647/605 256/651/611 255/652/612
f 255/652/612 254/653/613 306/647/605
f 306/647/605 254/653/613 253/654/614
f 306/647/605 253/654/614 252/655/615
f 252/655/615 251/656/616 306/647/605
f 306/647/605 251/656/616 326/657/617
f 251/658/486 272/659/485 326/660/618
f 326/660/618 272/659/485 274/661/619
f 273/662/509 262/663/519 337/664/620
f 337/664/620 262/663/519 305/665/621
f 337/664/620 305/665/621 336/666/622
f 336/666/622 305/665/621 304/667/623
f 336/666/622 304/667/623 335/668/624
f 335/668/624 304/667/623 303/669/625
f 335/668/624 303/669/625 334/670/626
f 334/670/626 303/669/625 302/671/627
f 334/670/626 302/671/627 333/672/628
f 333/672/628 302/671/627 301/673/629
f 333/672/628 301/673/629 332/674/630
f 332/674/630 301/673/629 300/675/631
f 332/674/630 300/675/631 331/676/632
f 331/676/632 300/675/631 299/677/633
f 331/676/632 299/677/633 330/678/634
f 330/678/634 299/677/633 298/679/635
f 330/678/634 298/679/635 329/680/636
f 329/680/636 298/679/635 297/681/637
f 329/680/636 297/681/637 328/682/638
f 328/682/638 297/681/637 296/683/639
f 328/682/638 296/683/639 327/684/640
f 327/684/640 296/683/639 295/685/641
f 327/684/640 295/685/641 237/686/484
f 237/686/484 295/685/641 250/687/474
f 236/688/469 325/689/642 237/690/468
f 237/690/468 325/689/642 327/691/643
f 327/691/643 325/689/642 324/692/644
f 327/691/643 324/692/644 328/693/645
f 328/693/645 324/692/644 323/694/646
f 328/693/645 323/694/646 322/695/647
f 328/693/645 322/695/647 329/696/648
f 329/696/648 322/695/647 321/697/649
f 329/696/648 321/697/649 320/698/650
f 329/696/648 320/698/650 330/699/651
f 330/699/651 320/698/650 319/700/652
f 330/699/651 319/700/652 331/701/653
f 331/701/653 319/700/652 318/702/654
f 331/701/653 318/702/654 317/703/655
f 331/701/653 317/703/655 332/704/656
f 332/704/656 317/703/655 316/705/657
f 332/704/656 316/705/657 315/706/658
f 332/704/656 315/706/658 333/707/659
f 333/707/659 315/706/658 314/708/660
f 333/707/659 314/708/660 313/709/661
f 333/707/659 313/709/661 334/710/662
f 334/710/662 313/709/661 312/711/663
f 334/710/662 312/711/663 335/712/664
f 335/712/664 312/711/663 311/713/665
f 335/712/664 311/713/665 310/714/666
f 335/712/664 310/714/666 336/715/667
f 336/715/667 310/714/666 309/716/668
f 336/715/667 309/716/668 308/717/669
f 336/715/667 308/717/669 337/718/670
f 337/718/670 308/717/669 307/719/671
f 337/718/670 307/719/671 273/720/672
f 273/720/672 307/719/671 306/721/673
f 273/720/672 306/721/673 274/722/674
f 274/722/674 306/721/673 326/723/675
g Body2

v -5.580127 0.334936 2.500000
v -5.613019 0.353927 2.065880
v -5.710696 0.410321 1.644950
v -5.870191 0.502405 1.250000
v -6.086656 0.627381 0.893031
v -6.353515 0.781452 0.584889
v -6.662659 0.959936 0.334936
v -7.004695 1.157411 0.150768
v -7.369231 1.367876 0.037981
v -7.745191 1.584936 0.000000
v -6.911857 3.028312 0.000000
v -6.535898 2.811252 0.037981
v -6.171362 2.600787 0.150768
v -5.829325 2.403312 0.334936
v -5.520181 2.224828 0.584889
v -5.253322 2.070757 0.893031
v -5.036857 1.945780 1.250000
v -4.877363 1.853696 1.644950
v -4.779686 1.797302 2.065880
v -4.746794 1.778312 2.500000
v -4.746794 1.778312 5.000000
v -5.580127 0.334936 5.000000
v -6.911857 3.028312 5.000000
v -3.080127 4.665064 2.500000
v -3.113019 4.684054 2.934120
v -3.210696 4.740448 3.355050
v -3.370191 4.832532 3.750000
v -3.586656 4.957508 4.106969
v -3.853515 5.111579 4.415111
v -4.162659 5.290064 4.665064
v -4.504695 5.487538 4.849232
v -4.869231 5.698003 4.962019
v -5.245191 5.915064 5.000000
v -6.078524 4.471688 5.000000
v -5.702565 4.254628 4.962019
v -5.338029 4.044163 4.849232
v -4.995992 3.846688 4.665064
v -4.686848 3.668203 4.415111
v -4.419989 3.514132 4.106969
v -4.203524 3.389156 3.750000
v -4.044030 3.297072 3.355050
v -3.946353 3.240678 2.934120
v -3.913460 3.221688 2.500000
v -5.640140 6.099232 5.000000
v -6.061070 6.212019 5.000000
v -6.495191 6.250000 5.000000
v -6.929311 6.212019 5.000000
v -7.350241 6.099232 5.000000
v -7.745191 5.915064 5.000000
v -8.102160 5.665111 5.000000
v -8.410302 5.356969 5.000000
v -8.660254 5.000000 5.000000
v -8.844422 4.605050 5.000000
v -8.957210 4.184120 5.000000
v -8.995191 3.750000 5.000000
v -8.957210 3.315880 5.000000
v -8.844422 2.894950 5.000000
v -8.660254 2.500000 5.000000
v -8.410302 2.143031 5.000000
v -8.102160 1.834889 5.000000
v -7.745191 1.584936 5.000000
v -7.084446 3.160744 5.000000
v -7.216878 3.333333 5.000000
v -7.300129 3.534317 5.000000
v -7.328524 3.750000 5.000000
v -7.300129 3.965683 5.000000
v -7.216878 4.166667 5.000000
v -7.084446 4.339256 5.000000
v -6.911857 4.471688 5.000000
v -6.710873 4.554938 5.000000
v -6.495191 4.583333 5.000000
v -6.279508 4.554938 5.000000
v -3.080127 4.665064 0.000000
v -5.245191 5.915064 0.000000
v -3.913460 3.221688 0.000000
v -6.078524 4.471688 0.000000
v -7.084446 3.160744 0.000000
v -7.216878 3.333333 0.000000
v -7.300129 3.534317 0.000000
v -7.328524 3.750000 0.000000
v -7.300129 3.965683 0.000000
v -7.216878 4.166667 0.000000
v -7.084446 4.339256 0.000000
v -6.911857 4.471688 0.000000
v -6.710873 4.554938 0.000000
v -6.495191 4.583333 0.000000
v -6.279508 4.554938 0.000000
v -5.640140 6.099232 0.000000
v -6.061070 6.212019 0.000000
v -6.495191 6.250000 0.000000
v -6.929311 6.212019 0.000000
v -7.350241 6.099232 0.000000
v -7.745191 5.915064 0.000000
v -8.102160 5.665111 0.000000
v -8.410302 5.356969 0.000000
v -8.660254 5.000000 0.000000
v -8.844422 4.605050 0.000000
v -8.957210 4.184120 0.000000
v -8.995191 3.750000 0.000000
v -8.957210 3.315880 0.000000
v -8.844422 2.894950 0.000000
v -8.660254 2.500000 0.000000
v -8.410302 2.143031 0.000000
v -8.102160 1.834889 0.000000
vt 0.416667 1.963495 0.000000
vt -1.250000 1.963495 0.000000
vt 0.416667 1.527163 0.000000
vt -1.250000 1.527163 0.000000
vt 0.416667 1.090831 0.000000
vt -1.250000 1.090831 0.000000
vt 0.416667 0.654498 0.000000
vt -1.250000 0.654498 0.000000
vt 0.416667 0.218166 0.000000
vt -1.250000 0.218166 0.000000
vt 0.416667 -0.218166 0.000000
vt -1.250000 -0.218166 0.000000
vt 0.416667 -0.654498 0.000000
vt -1.250000 -0.654498 0.000000
vt 0.416667 -1.090831 0.000000
vt -1.250000 -1.090831 0.000000
vt 0.416667 -1.527163 0.000000
vt -1.250000 -1.527163 0.000000
vt 0.416667 -1.963495 0.000000
vt -1.250000 -1.963495 0.000000
vt 0.000000 2.500000 0.000000
vt 1.666667 2.500000 0.000000
vt 0.000000 5.000000 0.000000
vt 1.666667 5.000000 0.000000
vt 0.037981 2.065880 0.000000
vt 0.150768 1.644950 0.000000
vt 0.000000 2.500000 0.000000
vt 0.334936 1.250000 0.000000
vt 0.584889 0.893031 0.000000
vt 2.500000 5.000000 0.000000
vt 0.893031 0.584889 0.000000
vt 1.250000 0.334936 0.000000
vt 1.644950 0.150768 0.000000
vt 2.065880 0.037981 0.000000
vt 2.500000 0.000000 0.000000
vt 0.000000 5.000000 0.000000
vt -0.416667 1.963495 0.000000
vt -2.083333 1.963495 0.000000
vt -0.416667 1.527163 0.000000
vt -2.083333 1.527163 0.000000
vt -0.416667 1.090831 0.000000
vt -2.083333 1.090831 0.000000
vt -0.416667 0.654498 0.000000
vt -2.083333 0.654498 0.000000
vt -0.416667 0.218166 0.000000
vt -2.083333 0.218166 0.000000
vt -0.416667 -0.218166 0.000000
vt -2.083333 -0.218166 0.000000
vt -0.416667 -0.654498 0.000000
vt -2.083333 -0.654498 0.000000
vt -0.416667 -1.090831 0.000000
vt -2.083333 -1.090831 0.000000
vt -0.416667 -1.527163 0.000000
vt -2.083333 -1.527163 0.000000
vt -0.416667 -1.963495 0.000000
vt -2.083333 -1.963495 0.000000
vt 2.500000 -0.000000 0.000000
vt 2.462019 0.434120 0.000000
vt 0.833333 0.000000 0.000000
vt 0.804938 0.215683 0.000000
vt 2.349232 0.855050 0.000000
vt 0.721688 0.416667 0.000000
vt 2.165064 1.250000 0.000000
vt 1.915111 1.606969 0.000000
vt 0.589256 0.589256 0.000000
vt 1.606969 1.915111 0.000000
vt 0.416667 0.721688 0.000000
vt 1.250000 2.165064 0.000000
vt 0.855050 2.349232 0.000000
vt 0.215683 0.804938 0.000000
vt 0.434120 2.462019 0.000000
vt 0.000000 0.833333 0.000000
vt 0.000000 2.500000 0.000000
vt -0.434120 2.462019 0.000000
vt -0.215683 0.804938 0.000000
vt -0.855050 2.349232 0.000000
vt -0.416667 0.721688 0.000000
vt -1.250000 2.165064 0.000000
vt -1.606969 1.915111 0.000000
vt -0.589256 0.589256 0.000000
vt -1.915111 1.606969 0.000000
vt -0.721688 0.416667 0.000000
vt -2.165064 1.250000 0.000000
vt -2.349232 0.855050 0.000000
vt -0.804938 0.215683 0.000000
vt -2.462019 0.434120 0.000000
vt -0.833333 0.000000 0.000000
vt -2.500000 0.000000 0.000000
vt -0.833333 -2.500000 0.000000
vt -2.500000 -2.500000 0.000000
vt 2.500000 5.000000 0.000000
vt 2.065880 4.962019 0.000000
vt 2.500000 0.000000 0.000000
vt 1.644950 4.849232 0.000000
vt 1.250000 4.665064 0.000000
vt 0.893031 4.415111 0.000000
vt 0.584889 4.106969 0.000000
vt 0.000000 2.500000 0.000000
vt 0.334936 3.750000 0.000000
vt 0.150768 3.355050 0.000000
vt 0.037981 2.934120 0.000000
vt 0.000000 0.000000 0.000000
vt 1.666667 2.500000 0.000000
vt 0.000000 2.500000 0.000000
vt 1.666667 0.000000 0.000000
vt 0.000000 0.000000 0.000000
vt 2.462019 2.934120 0.000000
vt 2.349232 3.355050 0.000000
vt 2.500000 2.500000 0.000000
vt 2.165064 3.750000 0.000000
vt 1.915111 4.106969 0.000000
vt 0.000000 0.000000 0.000000
vt 1.606969 4.415111 0.000000
vt 1.250000 4.665064 0.000000
vt 0.855050 4.849232 0.000000
vt 0.434120 4.962019 0.000000
vt 0.000000 5.000000 0.000000
vt 2.500000 0.000000 0.000000
vt 5.000000 -2.617994 0.000000
vt -0.000000 -2.617994 0.000000
vt 5.000000 -2.836160 0.000000
vt 0.000000 -2.836160 0.000000
vt 5.000000 -3.054326 0.000000
vt 0.000000 -3.054326 0.000000
vt 5.000000 -3.272492 0.000000
vt -0.000000 -3.272492 0.000000
vt 5.000000 -3.490659 0.000000
vt 0.000000 -3.490659 0.000000
vt 5.000000 -3.708825 0.000000
vt 0.000000 -3.708825 0.000000
vt 5.000000 -3.926991 0.000000
vt 0.000000 -3.926991 0.000000
vt 5.000000 -4.145157 0.000000
vt 0.000000 -4.145157 0.000000
vt 5.000000 -4.363323 0.000000
vt -0.000000 -4.363323 0.000000
vt 5.000000 -4.581489 0.000000
vt 0.000000 -4.581489 0.000000
vt 5.000000 -4.799655 0.000000
vt 0.000000 -4.799655 0.000000
vt 5.000000 -5.017822 0.000000
vt 0.000000 -5.017822 0.000000
vt 5.000000 -5.235988 0.000000
vt 0.000000 -5.235988 0.000000
vt 0.000000 0.000000 0.000000
vt 0.434120 0.037981 0.000000
vt 0.000000 5.000000 0.000000
vt 0.855050 0.150768 0.000000
vt 1.250000 0.334936 0.000000
vt 1.606969 0.584889 0.000000
vt 1.915111 0.893031 0.000000
vt 2.500000 2.500000 0.000000
vt 2.165064 1.250000 0.000000
vt 2.349232 1.644950 0.000000
vt 2.462019 2.065880 0.000000
vt 2.500000 5.000000 0.000000
vt -5.000000 -0.000000 0.000000
vt -0.000000 -0.000000 0.000000
vt -5.000000 0.436332 0.000000
vt -0.000000 0.436332 0.000000
vt -5.000000 0.872665 0.000000
vt -0.000000 0.872665 0.000000
vt -5.000000 1.308997 0.000000
vt -0.000000 1.308997 0.000000
vt -5.000000 1.745329 0.000000
vt -0.000000 1.745329 0.000000
vt -5.000000 2.181662 0.000000
vt -0.000000 2.181662 0.000000
vt -5.000000 2.617994 0.000000
vt -0.000000 2.617994 0.000000
vt -5.000000 3.054326 0.000000
vt -0.000000 3.054326 0.000000
vt -5.000000 3.490659 0.000000
vt -0.000000 3.490659 0.000000
vt -5.000000 3.926991 0.000000
vt -0.000000 3.926991 0.000000
vt -5.000000 4.363323 0.000000
vt -0.000000 4.363323 0.000000
vt -5.000000 4.799655 0.000000
vt -0.000000 4.799655 0.000000
vt -5.000000 5.235988 0.000000
vt -0.000000 5.235988 0.000000
vt -5.000000 5.672320 0.000000
vt -0.000000 5.672320 0.000000
vt -5.000000 6.108652 0.000000
vt -0.000000 6.108652 0.000000
vt -5.000000 6.544985 0.000000
vt -0.000000 6.544985 0.000000
vt -5.000000 6.981317 0.000000
vt -0.000000 6.981317 0.000000
vt -5.000000 7.417649 0.000000
vt -0.000000 7.417649 0.000000
vt -5.000000 7.853982 0.000000
vt -0.000000 7.853982 0.000000
vt 2.500000 0.000000 0.000000
vt 2.462019 0.434120 0.000000
vt 0.833333 -0.000000 0.000000
vt 0.804938 0.215683 0.000000
vt 2.349232 0.855050 0.000000
vt 0.721688 0.416667 0.000000
vt 2.165064 1.250000 0.000000
vt 1.915111 1.606969 0.000000
vt 0.589256 0.589256 0.000000
vt 1.606969 1.915111 0.000000
vt 0.416667 0.721688 0.000000
vt 1.250000 2.165064 0.000000
vt 0.855050 2.349232 0.000000
vt 0.215683 0.804938 0.000000
vt 0.434120 2.462019 0.000000
vt -0.000000 0.833333 0.000000
vt -0.000000 2.500000 0.000000
vt -0.434120 2.462019 0.000000
vt -0.215683 0.804938 0.000000
vt -0.855050 2.349232 0.000000
vt -0.416667 0.721688 0.000000
vt -1.250000 2.165064 0.000000
vt -1.606969 1.915111 0.000000
vt -0.589256 0.589256 0.000000
vt -1.915111 1.606969 0.000000
vt -0.721688 0.416667 0.000000
vt -2.165064 1.250000 0.000000
vt -2.349232 0.855050 0.000000
vt -0.804938 0.215683 0.000000
vt -2.462019 0.434120 0.000000
vt -0.833333 0.000000 0.000000
vt -2.500000 -0.000000 0.000000
vt -0.833333 -2.500000 0.000000
vt -2.500000 -2.500000 0.000000
vn 0.866025 -0.500000 0.000000
vn 0.866025 -0.500000 0.000000
vn 0.852869 -0.492404 -0.173648
vn 0.852869 -0.492404 -0.173648
vn 0.813798 -0.469846 -0.342020
vn 0.813798 -0.469846 -0.342020
vn 0.750000 -0.433013 -0.500000
vn 0.750000 -0.433013 -0.500000
vn 0.663414 -0.383022 -0.642788
vn 0.663414 -0.383022 -0.642788
vn 0.556670 -0.321394 -0.766044
vn 0.556670 -0.321394 -0.766044
vn 0.433013 -0.250000 -0.866025
vn 0.433013 -0.250000 -0.866025
vn 0.296198 -0.171010 -0.939693
vn 0.296198 -0.171010 -0.939693
vn 0.150384 -0.086824 -0.984808
vn 0.150384 -0.086824 -0.984808
vn 0.000000 -0.000000 -1.000000
vn 0.000000 -0.000000 -1.000000
vn 0.866025 -0.500000 0.000000
vn 0.866025 -0.500000 0.000000
vn 0.500000 0.866025 0.000000
vn 0.500000 0.866025 0.000000
vn 0.500000 0.866025 0.000000
vn 0.500000 0.866025 0.000000
vn 0.500000 0.866025 0.000000
vn 0.500000 0.866025 0.000000
vn 0.500000 0.866025 0.000000
vn 0.500000 0.866025 0.000000
vn 0.500000 0.866025 0.000000
vn 0.500000 0.866025 0.000000
vn 0.500000 0.866025 0.000000
vn 0.500000 0.866025 0.000000
vn 0.866025 -0.500000 -0.000000
vn 0.866025 -0.500000 -0.000000
vn 0.852869 -0.492404 0.173648
vn 0.852869 -0.492404 0.173648
vn 0.813798 -0.469846 0.342020
vn 0.813798 -0.469846 0.342020
vn 0.750000 -0.433013 0.500000
vn 0.750000 -0.433013 0.500000
vn 0.663414 -0.383022 0.642788
vn 0.663414 -0.383022 0.642788
vn 0.556670 -0.321394 0.766044
vn 0.556670 -0.321394 0.766044
vn 0.433013 -0.250000 0.866025
vn 0.433013 -0.250000 0.866025
vn 0.296198 -0.171010 0.939693
vn 0.296198 -0.171010 0.939693
vn 0.150384 -0.086824 0.984808
vn 0.150384 -0.086824 0.984808
vn 0.000000 -0.000000 1.000000
vn 0.000000 -0.000000 1.000000
vn 0.000000 0.000000 1.000000
vn 0.000000 0.000000 1.000000
vn 0.000000 0.000000 1.000000
vn 0.000000 0.000000 1.000000
vn 0.000000 0.000000 1.000000
vn 0.000000 0.000000 1.000000
vn 0.000000 0.000000 1.000000
vn 0.000000 0.000000 1.000000
vn 0.000000 0.000000 1.000000
vn 0.000000 0.000000 1.000000
vn 0.000000 0.000000 1.000000
vn 0.000000 0.000000 1.000000
vn 0.000000 0.000000 1.000000
vn 0.000000 0.000000 1.000000
vn 0.000000 0.000000 1.000000
vn 0.000000 0.000000 1.000000
vn 0.000000 0.000000 1.000000
vn 0.000000 0.000000 1.000000
vn 0.000000 0.000000 1.000000
vn 0.000000 0.000000 1.000000
vn 0.000000 0.000000 1.000000
vn 0.000000 0.000000 1.000000
vn 0.000000 0.000000 1.000000
vn 0.000000 0.000000 1.000000
vn 0.000000 0.000000 1.000000
vn 0.000000 0.000000 1.000000
vn 0.000000 0.000000 1.000000
vn 0.000000 0.000000 1.000000
vn 0.000000 0.000000 1.000000
vn 0.000000 0.000000 1.000000
vn 0.000000 0.000000 1.000000
vn 0.000000 0.000000 1.000000
vn 0.500000 0.866025 0.000000
vn 0.500000 0.866025 0.000000
vn 0.500000 0.866025 0.000000
vn 0.500000 0.866025 0.000000
vn 0.500000 0.866025 0.000000
vn 0.500000 0.866025 0.000000
vn 0.500000 0.866025 0.000000
vn 0.500000 0.866025 0.000000
vn 0.500000 0.866025 0.000000
vn 0.500000 0.866025 0.000000
vn 0.500000 0.866025 0.000000
vn 0.500000 0.866025 0.000000
vn 0.866025 -0.500000 0.000000
vn 0.866025 -0.500000 0.000000
vn -0.500000 -0.866025 0.000000
vn -0.500000 -0.866025 0.000000
vn -0.500000 -0.866025 0.000000
vn -0.500000 -0.866025 0.000000
vn -0.500000 -0.866025 0.000000
vn -0.500000 -0.866025 0.000000
vn -0.500000 -0.866025 0.000000
vn -0.500000 -0.866025 0.000000
vn -0.500000 -0.866025 0.000000
vn -0.500000 -0.866025 0.000000
vn -0.500000 -0.866025 0.000000
vn -0.500000 -0.866025 0.000000
vn 0.707107 0.707107 -0.000000
vn 0.707107 0.707107 -0.000000
vn 0.866025 0.500000 -0.000000
vn 0.866025 0.500000 -0.000000
vn 0.965926 0.258819 -0.000000
vn 0.965926 0.258819 -0.000000
vn 1.000000 0.000000 -0.000000
vn 1.000000 -0.000000 0.000000
vn 0.965926 -0.258819 0.000000
vn 0.965926 -0.258819 0.000000
vn 0.866025 -0.500000 0.000000
vn 0.866025 -0.500000 0.000000
vn 0.707107 -0.707107 0.000000
vn 0.707107 -0.707107 0.000000
vn 0.500000 -0.866025 0.000000
vn 0.500000 -0.866025 0.000000
vn 0.258819 -0.965926 0.000000
vn 0.258819 -0.965926 0.000000
vn 0.000000 -1.000000 0.000000
vn 0.000000 -1.000000 0.000000
vn -0.258819 -0.965926 0.000000
vn -0.258819 -0.965926 0.000000
vn -0.500000 -0.866025 0.000000
vn -0.500000 -0.866025 0.000000
vn -0.500000 -0.866025 0.000000
vn -0.500000 -0.866025 0.000000
vn -0.500000 -0.866025 0.000000
vn -0.500000 -0.866025 0.000000
vn -0.500000 -0.866025 0.000000
vn -0.500000 -0.866025 0.000000
vn -0.500000 -0.866025 0.000000
vn -0.500000 -0.866025 0.000000
vn -0.500000 -0.866025 0.000000
vn -0.500000 -0.866025 0.000000
vn 0.342020 0.939693 -0.000000
vn 0.342020 0.939693 -0.000000
vn 0.173648 0.984808 -0.000000
vn 0.173648 0.984808 -0.000000
vn 0.000000 1.000000 -0.000000
vn 0.000000 1.000000 -0.000000
vn -0.173648 0.984808 -0.000000
vn -0.173648 0.984808 -0.000000
vn -0.342020 0.939693 -0.000000
vn -0.342020 0.939693 -0.000000
vn -0.500000 0.866025 -0.000000
vn -0.500000 0.866025 -0.000000
vn -0.642788 0.766044 -0.000000
vn -0.642788 0.766044 -0.000000
vn -0.766044 0.642788 -0.000000
vn -0.766044 0.642788 -0.000000
vn -0.866025 0.500000 -0.000000
vn -0.866025 0.500000 -0.000000
vn -0.939693 0.342020 -0.000000
vn -0.939693 0.342020 -0.000000
vn -0.984808 0.173648 -0.000000
vn -0.984808 0.173648 -0.000000
vn -1.000000 0.000000 -0.000000
vn -1.000000 0.000000 -0.000000
vn -0.984808 -0.173648 0.000000
vn -0.984808 -0.173648 0.000000
vn -0.939693 -0.342020 0.000000
vn -0.939693 -0.342020 0.000000
vn -0.866025 -0.500000 0.000000
vn -0.866025 -0.500000 0.000000
vn -0.766044 -0.642788 0.000000
vn -0.766044 -0.642788 0.000000
vn -0.642788 -0.766044 0.000000
vn -0.642788 -0.766044 0.000000
vn -0.000000 -0.000000 -1.000000
vn -0.000000 -0.000000 -1.000000
vn -0.000000 -0.000000 -1.000000
vn -0.000000 -0.000000 -1.000000
vn -0.000000 -0.000000 -1.000000
vn -0.000000 -0.000000 -1.000000
vn -0.000000 -0.000000 -1.000000
vn -0.000000 -0.000000 -1.000000
vn -0.000000 -0.000000 -1.000000
vn -0.000000 -0.000000 -1.000000
vn -0.000000 -0.000000 -1.000000
vn -0.000000 -0.000000 -1.000000
vn -0.000000 -0.000000 -1.000000
vn -0.000000 -0.000000 -1.000000
vn -0.000000 -0.000000 -1.000000
vn -0.000000 -0.000000 -1.000000
vn -0.000000 -0.000000 -1.000000
vn -0.000000 -0.000000 -1.000000
vn -0.000000 -0.000000 -1.000000
vn -0.000000 -0.000000 -1.000000
vn -0.000000 -0.000000 -1.000000
vn -0.000000 -0.000000 -1.000000
vn -0.000000 -0.000000 -1.000000
vn -0.000000 -0.000000 -1.000000
vn -0.000000 -0.000000 -1.000000
vn -0.000000 -0.000000 -1.000000
vn -0.000000 -0.000000 -1.000000
vn -0.000000 -0.000000 -1.000000
vn -0.000000 -0.000000 -1.000000
vn -0.000000 -0.000000 -1.000000
vn -0.000000 -0.000000 -1.000000
vn -0.000000 -0.000000 -1.000000
f 357/724/676 338/725/677 356/726/678
f 356/726/678 338/725/677 339/727/679
f 356/726/678 339/727/679 355/728/680
f 355/728/680 339/727/679 340/729/681
f 355/728/680 340/729/681 354/730/682
f 354/730/682 340/729/681 341/731/683
f 354/730/682 341/731/683 353/732/684
f 353/732/684 341/731/683 342/733/685
f 353/732/684 342/733/685 352/734/686
f 352/734/686 342/733/685 343/735/687
f 352/734/686 343/735/687 351/736/688
f 351/736/688 343/735/687 344/737/689
f 351/736/688 344/737/689 350/738/690
f 350/738/690 344/737/689 345/739/691
f 350/738/690 345/739/691 349/740/692
f 349/740/692 345/739/691 346/741/693
f 349/740/692 346/741/693 348/742/694
f 348/742/694 346/741/693 347/743/695
f 338/744/677 357/745/676 359/746/696
f 359/746/696 357/745/676 358/747/697
f 356/748/698 355/749/699 357/750/700
f 357/750/700 355/749/699 354/751/701
f 357/750/700 354/751/701 353/752/702
f 357/750/700 353/752/702 360/753/703
f 360/753/703 353/752/702 352/754/704
f 360/753/703 352/754/704 351/755/705
f 351/755/705 350/756/706 360/753/703
f 360/753/703 350/756/706 349/757/707
f 360/753/703 349/757/707 348/758/708
f 360/753/703 358/759/709 357/750/700
f 380/760/710 361/761/711 379/762/712
f 379/762/712 361/761/711 362/763/713
f 379/762/712 362/763/713 378/764/714
f 378/764/714 362/763/713 363/765/715
f 378/764/714 363/765/715 377/766/716
f 377/766/716 363/765/715 364/767/717
f 377/766/716 364/767/717 376/768/718
f 376/768/718 364/767/717 365/769/719
f 376/768/718 365/769/719 375/770/720
f 375/770/720 365/769/719 366/771/721
f 375/770/720 366/771/721 374/772/722
f 374/772/722 366/771/721 367/773/723
f 374/772/722 367/773/723 373/774/724
f 373/774/724 367/773/723 368/775/725
f 373/774/724 368/775/725 372/776/726
f 372/776/726 368/775/725 369/777/727
f 372/776/726 369/777/727 371/778/728
f 371/778/728 369/777/727 370/779/729
f 370/780/729 381/781/730 371/782/728
f 371/782/728 381/781/730 409/783/731
f 409/783/731 381/781/730 382/784/732
f 409/783/731 382/784/732 408/785/733
f 408/785/733 382/784/732 383/786/734
f 408/785/733 383/786/734 384/787/735
f 408/785/733 384/787/735 407/788/736
f 407/788/736 384/787/735 385/789/737
f 407/788/736 385/789/737 406/790/738
f 406/790/738 385/789/737 386/791/739
f 406/790/738 386/791/739 387/792/740
f 406/790/738 387/792/740 405/793/741
f 405/793/741 387/792/740 388/794/742
f 405/793/741 388/794/742 404/795/743
f 404/795/743 388/794/742 389/796/744
f 404/795/743 389/796/744 390/797/745
f 404/795/743 390/797/745 403/798/746
f 403/798/746 390/797/745 391/799/747
f 403/798/746 391/799/747 402/800/748
f 402/800/748 391/799/747 392/801/749
f 402/800/748 392/801/749 393/802/750
f 402/800/748 393/802/750 401/803/751
f 401/803/751 393/802/750 394/804/752
f 401/803/751 394/804/752 400/805/753
f 400/805/753 394/804/752 395/806/754
f 400/805/753 395/806/754 396/807/755
f 400/805/753 396/807/755 399/808/756
f 399/808/756 396/807/755 397/809/757
f 399/808/756 397/809/757 360/810/758
f 360/810/758 397/809/757 398/811/759
f 360/810/758 398/811/759 358/812/760
f 358/812/760 398/811/759 359/813/761
f 370/814/762 369/815/763 411/816/764
f 411/816/764 369/815/763 368/817/765
f 411/816/764 368/817/765 367/818/766
f 367/818/766 366/819/767 411/816/764
f 411/816/764 366/819/767 365/820/768
f 411/816/764 365/820/768 361/821/769
f 361/821/769 365/820/768 364/822/770
f 361/821/769 364/822/770 363/823/771
f 363/823/771 362/824/772 361/821/769
f 361/821/769 410/825/773 411/816/764
f 361/826/711 380/827/710 410/828/774
f 410/828/774 380/827/710 412/829/775
f 379/830/776 378/831/777 380/832/778
f 380/832/778 378/831/777 377/833/779
f 380/832/778 377/833/779 376/834/780
f 380/832/778 376/834/780 413/835/781
f 413/835/781 376/834/780 375/836/782
f 413/835/781 375/836/782 374/837/783
f 374/837/783 373/838/784 413/835/781
f 413/835/781 373/838/784 372/839/785
f 413/835/781 372/839/785 371/840/786
f 413/835/781 412/841/787 380/832/778
f 360/842/703 348/843/708 399/844/788
f 399/844/788 348/843/708 414/845/789
f 399/844/788 414/845/789 400/846/790
f 400/846/790 414/845/789 415/847/791
f 400/846/790 415/847/791 401/848/792
f 401/848/792 415/847/791 416/849/793
f 401/848/792 416/849/793 402/850/794
f 402/850/794 416/849/793 417/851/795
f 402/850/794 417/851/795 403/852/796
f 403/852/796 417/851/795 418/853/797
f 403/852/796 418/853/797 404/854/798
f 404/854/798 418/853/797 419/855/799
f 404/854/798 419/855/799 405/856/800
f 405/856/800 419/855/799 420/857/801
f 405/856/800 420/857/801 406/858/802
f 406/858/802 420/857/801 421/859/803
f 406/858/802 421/859/803 407/860/804
f 407/860/804 421/859/803 422/861/805
f 407/860/804 422/861/805 408/862/806
f 408/862/806 422/861/805 423/863/807
f 408/862/806 423/863/807 409/864/808
f 409/864/808 423/863/807 424/865/809
f 409/864/808 424/865/809 371/866/786
f 371/866/786 424/865/809 413/867/781
f 347/868/810 346/869/811 398/870/812
f 398/870/812 346/869/811 345/871/813
f 398/870/812 345/871/813 344/872/814
f 344/872/814 343/873/815 398/870/812
f 398/870/812 343/873/815 342/874/816
f 398/870/812 342/874/816 338/875/817
f 338/875/817 342/874/816 341/876/818
f 338/875/817 341/876/818 340/877/819
f 340/877/819 339/878/820 338/875/817
f 338/875/817 359/879/821 398/870/812
f 370/880/762 411/881/764 381/882/822
f 381/882/822 411/881/764 425/883/823
f 381/882/822 425/883/823 382/884/824
f 382/884/824 425/883/823 426/885/825
f 382/884/824 426/885/825 383/886/826
f 383/886/826 426/885/825 427/887/827
f 383/886/826 427/887/827 384/888/828
f 384/888/828 427/887/827 428/889/829
f 384/888/828 428/889/829 385/890/830
f 385/890/830 428/889/829 429/891/831
f 385/890/830 429/891/831 386/892/832
f 386/892/832 429/891/831 430/893/833
f 386/892/832 430/893/833 387/894/834
f 387/894/834 430/893/833 431/895/835
f 387/894/834 431/895/835 388/896/836
f 388/896/836 431/895/835 432/897/837
f 388/896/836 432/897/837 389/898/838
f 389/898/838 432/897/837 433/899/839
f 389/898/838 433/899/839 390/900/840
f 390/900/840 433/899/839 434/901/841
f 390/900/840 434/901/841 391/902/842
f 391/902/842 434/901/841 435/903/843
f 391/902/842 435/903/843 392/904/844
f 392/904/844 435/903/843 436/905/845
f 392/904/844 436/905/845 393/906/846
f 393/906/846 436/905/845 437/907/847
f 393/906/846 437/907/847 394/908/848
f 394/908/848 437/907/847 438/909/849
f 394/908/848 438/909/849 395/910/850
f 395/910/850 438/909/849 439/911/851
f 395/910/850 439/911/851 396/912/852
f 396/912/852 439/911/851 440/913/853
f 396/912/852 440/913/853 397/914/854
f 397/914/854 440/913/853 441/915/855
f 397/914/854 441/915/855 398/916/812
f 398/916/812 441/915/855 347/917/810
f 347/918/695 441/919/856 348/920/694
f 348/920/694 441/919/856 414/921/857
f 414/921/857 441/919/856 440/922/858
f 414/921/857 440/922/858 415/923/859
f 415/923/859 440/922/858 439/924/860
f 415/923/859 439/924/860 438/925/861
f 415/923/859 438/925/861 416/926/862
f 416/926/862 438/925/861 437/927/863
f 416/926/862 437/927/863 417/928/864
f 417/928/864 437/927/863 436/929/865
f 417/928/864 436/929/865 435/930/866
f 417/928/864 435/930/866 418/931/867
f 418/931/867 435/930/866 434/932/868
f 418/931/867 434/932/868 419/933/869
f 419/933/869 434/932/868 433/934/870
f 419/933/869 433/934/870 432/935/871
f 419/933/869 432/935/871 420/936/872
f 420/936/872 432/935/871 431/937/873
f 420/936/872 431/937/873 421/938/874
f 421/938/874 431/937/873 430/939/875
f 421/938/874 430/939/875 429/940/876
f 421/938/874 429/940/876 422/941/877
f 422/941/877 429/940/876 428/942/878
f 422/941/877 428/942/878 423/943/879
f 423/943/879 428/942/878 427/944/880
f 423/943/879 427/944/880 426/945/881
f 423/943/879 426/945/881 424/946/882
f 424/946/882 426/945/881 425/947/883
f 424/946/882 425/947/883 413/948/884
f 413/948/884 425/947/883 411/949/885
f 413/948/884 411/949/885 412/950/886
f 412/950/886 411/949/885 410/951/887
g Body14

v 5.179806 2.028312 2.000000
v 5.067734 1.963607 2.017037
v 4.963300 1.903312 2.066987
v 4.873620 1.851535 2.146447
v 4.804806 1.811806 2.250000
v 4.761548 1.786831 2.370590
v 4.746794 1.778312 2.500000
v 4.496794 2.211325 2.500000
v 4.511548 2.219843 2.370590
v 4.554806 2.244819 2.250000
v 4.623620 2.284548 2.146447
v 4.713300 2.336325 2.066987
v 4.817734 2.396620 2.017037
v 4.929806 2.461325 2.000000
v 4.496794 2.211325 3.000000
v 6.661857 3.461325 3.000000
v 6.661857 3.461325 2.000000
v 0.833333 -5.000000 2.500000
v 0.833333 -5.017037 2.370590
v 0.833333 -5.066987 2.250000
v 0.833333 -5.146447 2.146447
v 0.833333 -5.250000 2.066987
v 0.833333 -5.370590 2.017037
v 0.833333 -5.500000 2.000000
v 0.333333 -5.500000 2.000000
v 0.333333 -5.370590 2.017037
v 0.333333 -5.250000 2.066987
v 0.333333 -5.146447 2.146447
v 0.333333 -5.066987 2.250000
v 0.333333 -5.017037 2.370590
v 0.333333 -5.000000 2.500000
v 0.333333 -7.500000 2.000000
v 0.333333 -7.500000 3.000000
v 0.333333 -5.000000 3.000000
v -4.746794 1.778312 2.500000
v -4.496794 2.211325 2.500000
v -4.496794 2.211325 3.000000
v -4.746794 1.778312 3.000000
v -3.913460 3.221688 2.000000
v -6.078524 4.471688 2.000000
v -6.078524 4.471688 3.000000
v -3.913460 3.221688 3.000000
v -6.279508 4.554938 2.000000
v -6.495191 4.583333 2.000000
v -6.710873 4.554938 2.000000
v -6.911857 4.471688 2.000000
v -7.084446 4.339256 2.000000
v -7.216878 4.166667 2.000000
v -7.300129 3.965683 2.000000
v -7.328524 3.750000 2.000000
v -7.300129 3.534317 2.000000
v -7.216878 3.333333 2.000000
v -7.084446 3.160744 2.000000
v -6.911857 3.028312 2.000000
v -6.911857 3.028312 3.000000
v -7.084446 3.160744 3.000000
v -7.216878 3.333333 3.000000
v -7.300129 3.534317 3.000000
v -7.328524 3.750000 3.000000
v -7.300129 3.965683 3.000000
v -7.216878 4.166667 3.000000
v -7.084446 4.339256 3.000000
v -6.911857 4.471688 3.000000
v -6.710873 4.554938 3.000000
v -6.495191 4.583333 3.000000
v -6.279508 4.554938 3.000000
v -4.746794 1.778312 2.000000
v -4.496794 2.211325 2.000000
v -6.661857 3.461325 2.000000
v -6.661857 3.461325 3.000000
v -6.730893 3.514298 2.000000
v -6.783866 3.583333 2.000000
v -6.817166 3.663727 2.000000
v -6.828524 3.750000 2.000000
v -6.817166 3.836273 2.000000
v -6.783866 3.916667 2.000000
v -6.730893 3.985702 2.000000
v -6.661857 4.038675 2.000000
v -6.581464 4.071975 2.000000
v -6.495191 4.083333 2.000000
v -6.408918 4.071975 2.000000
v -6.328524 4.038675 2.000000
v -6.328524 4.038675 3.000000
v -6.408918 4.071975 3.000000
v -6.495191 4.083333 3.000000
v -6.581464 4.071975 3.000000
v -6.661857 4.038675 3.000000
v -6.730893 3.985702 3.000000
v -6.783866 3.916667 3.000000
v -6.817166 3.836273 3.000000
v -6.828524 3.750000 3.000000
v -6.817166 3.663727 3.000000
v -6.783866 3.583333 3.000000
v -6.730893 3.514298 3.000000
v -4.163460 2.788675 2.000000
v -4.163460 2.788675 3.000000
v 0.833333 7.500000 2.000000
v 0.833333 10.000000 2.000000
v 0.833333 10.000000 3.000000
v 0.833333 7.500000 3.000000
v 0.333333 7.500000 3.000000
v 0.333333 10.000000 3.000000
v 0.333333 10.000000 2.750000
v 0.333333 7.500000 2.750000
v -0.333333 7.500000 2.750000
v -0.333333 10.000000 2.750000
v -0.333333 10.000000 3.000000
v -0.333333 7.500000 3.000000
v 0.321975 10.086273 3.000000
v 0.288675 10.166667 3.000000
v 0.235702 10.235702 3.000000
v 0.166667 10.288675 3.000000
v 0.086273 10.321975 3.000000
v 0.000000 10.333333 3.000000
v -0.086273 10.321975 3.000000
v -0.166667 10.288675 3.000000
v -0.235702 10.235702 3.000000
v -0.288675 10.166667 3.000000
v -0.321975 10.086273 3.000000
v -0.321975 10.086273 2.750000
v -0.288675 10.166667 2.750000
v -0.235702 10.235702 2.750000
v -0.166667 10.288675 2.750000
v -0.086273 10.321975 2.750000
v 0.000000 10.333333 2.750000
v 0.086273 10.321975 2.750000
v 0.166667 10.288675 2.750000
v 0.235702 10.235702 2.750000
v 0.288675 10.166667 2.750000
v 0.321975 10.086273 2.750000
v -0.833333 7.500000 3.000000
v -0.833333 10.000000 3.000000
v -0.833333 10.000000 2.000000
v -0.833333 7.500000 2.000000
v 0.804938 10.215683 2.000000
v 0.721688 10.416667 2.000000
v 0.589256 10.589256 2.000000
v 0.416667 10.721688 2.000000
v 0.215683 10.804938 2.000000
v 0.000000 10.833333 2.000000
v -0.215683 10.804938 2.000000
v -0.416667 10.721688 2.000000
v -0.589256 10.589256 2.000000
v -0.721688 10.416667 2.000000
v -0.804938 10.215683 2.000000
v -0.804938 10.215683 3.000000
v -0.721688 10.416667 3.000000
v -0.589256 10.589256 3.000000
v -0.416667 10.721688 3.000000
v -0.215683 10.804938 3.000000
v 0.000000 10.833333 3.000000
v 0.215683 10.804938 3.000000
v 0.416667 10.721688 3.000000
v 0.589256 10.589256 3.000000
v 0.721688 10.416667 3.000000
v 0.804938 10.215683 3.000000
v -4.091320 1.353419 2.500000
v -3.735825 1.078591 2.500000
v -3.369506 0.756378 2.500000
v -2.998124 0.382430 2.500000
v -2.627441 -0.047601 2.500000
v -1.947121 -1.034343 2.500000
v -1.410977 -2.111624 2.500000
v -1.206177 -2.667031 2.500000
v -1.053030 -3.199224 2.500000
v -0.946268 -3.701160 2.500000
v -0.878795 -4.170296 2.500000
v -0.833333 -5.000000 2.500000
v -0.333333 -5.000000 2.500000
v -0.342828 -4.605912 2.500000
v -0.376082 -4.169722 2.500000
v -0.440254 -3.694637 2.500000
v -0.542501 -3.183864 2.500000
v -0.689980 -2.640610 2.500000
v -0.889847 -2.068081 2.500000
v -1.439660 -0.913140 2.500000
v -2.150922 0.155566 2.500000
v -2.555632 0.639530 2.500000
v -2.965298 1.062352 2.500000
v -3.370663 1.425677 2.500000
v -3.765310 1.734771 2.500000
v -4.142826 1.994898 2.500000
v -3.873254 1.189245 2.000000
v -3.113623 0.504479 2.000000
v -2.460163 -0.263557 2.000000
v -1.907937 -1.101548 2.000000
v -1.458329 -1.998785 2.000000
v -1.119919 -2.948716 2.000000
v -0.906710 -3.948958 2.000000
v -0.833333 -5.000000 2.000000
v -0.333333 -5.000000 2.000000
v -0.412405 -3.879288 2.000000
v -0.639378 -2.811708 2.000000
v -0.998476 -1.801757 2.000000
v -1.474223 -0.851176 2.000000
v -2.059841 0.036012 2.000000
v -2.754786 0.852342 2.000000
v -3.565358 1.582807 2.000000
v -0.833333 -7.500000 2.000000
v -0.833333 -7.500000 3.000000
v -0.833333 -5.000000 3.000000
v -0.804938 -7.715683 2.000000
v -0.721688 -7.916667 2.000000
v -0.589256 -8.089256 2.000000
v -0.416667 -8.221688 2.000000
v -0.215683 -8.304938 2.000000
v -0.000000 -8.333333 2.000000
v 0.215683 -8.304938 2.000000
v 0.416667 -8.221688 2.000000
v 0.589256 -8.089256 2.000000
v 0.721688 -7.916667 2.000000
v 0.804938 -7.715683 2.000000
v 0.833333 -7.500000 2.000000
v 0.833333 -7.500000 3.000000
v 0.804938 -7.715683 3.000000
v 0.721688 -7.916667 3.000000
v 0.589256 -8.089256 3.000000
v 0.416667 -8.221688 3.000000
v 0.215683 -8.304938 3.000000
v -0.000000 -8.333333 3.000000
v -0.215683 -8.304938 3.000000
v -0.416667 -8.221688 3.000000
v -0.589256 -8.089256 3.000000
v -0.721688 -7.916667 3.000000
v -0.804938 -7.715683 3.000000
v 0.833333 -5.000000 3.000000
v 0.321975 -7.586273 2.000000
v 0.288675 -7.666667 2.000000
v 0.235702 -7.735702 2.000000
v 0.166667 -7.788675 2.000000
v 0.086273 -7.821975 2.000000
v -0.000000 -7.833333 2.000000
v -0.086273 -7.821975 2.000000
v -0.166667 -7.788675 2.000000
v -0.235702 -7.735702 2.000000
v -0.288675 -7.666667 2.000000
v -0.321975 -7.586273 2.000000
v -0.333333 -7.500000 2.000000
v -0.333333 -7.500000 3.000000
v -0.321975 -7.586273 3.000000
v -0.288675 -7.666667 3.000000
v -0.235702 -7.735702 3.000000
v -0.166667 -7.788675 3.000000
v -0.086273 -7.821975 3.000000
v -0.000000 -7.833333 3.000000
v 0.086273 -7.821975 3.000000
v 0.166667 -7.788675 3.000000
v 0.235702 -7.735702 3.000000
v 0.288675 -7.666667 3.000000
v 0.321975 -7.586273 3.000000
v -0.333333 -5.000000 3.000000
v 6.730893 3.514298 2.000000
v 6.783866 3.583333 2.000000
v 6.817166 3.663727 2.000000
v 6.828524 3.750000 2.000000
v 6.817166 3.836273 2.000000
v 6.783866 3.916667 2.000000
v 6.730893 3.985702 2.000000
v 6.661857 4.038675 2.000000
v 6.581464 4.071975 2.000000
v 6.495191 4.083333 2.000000
v 6.408918 4.071975 2.000000
v 6.328524 4.038675 2.000000
v 4.163460 2.788675 2.000000
v 3.153359 2.296797 2.000000
v 2.115322 1.959571 2.000000
v 1.061129 1.765584 2.000000
v 0.000029 1.702303 2.000000
v -1.061108 1.765868 2.000000
v -2.115543 1.959544 2.000000
v -3.153430 2.296287 2.000000
v -3.410386 2.971020 2.000000
v -2.967991 2.833285 2.000000
v -2.583305 2.802303 2.000000
v -2.411322 2.824147 2.000000
v -2.252131 2.869211 2.000000
v -2.105110 2.936147 2.000000
v -1.969619 3.023557 2.000000
v -1.730650 3.254043 2.000000
v -1.530122 3.549082 2.000000
v -1.363217 3.897302 2.000000
v -1.113300 4.710817 2.000000
v -0.952601 5.618350 2.000000
v -0.862485 6.560848 2.000000
v 0.862485 6.560848 2.000000
v 0.952601 5.618350 2.000000
v 1.113300 4.710817 2.000000
v 1.363217 3.897302 2.000000
v 1.530122 3.549082 2.000000
v 1.730650 3.254043 2.000000
v 1.969619 3.023557 2.000000
v 2.105110 2.936147 2.000000
v 2.252131 2.869211 2.000000
v 2.411322 2.824147 2.000000
v 2.583305 2.802303 2.000000
v 2.967991 2.833285 2.000000
v 3.410386 2.971020 2.000000
v 3.913460 3.221688 2.000000
v 6.078524 4.471688 2.000000
v 6.279508 4.554938 2.000000
v 6.495191 4.583333 2.000000
v 6.710873 4.554938 2.000000
v 6.911857 4.471688 2.000000
v 7.084446 4.339256 2.000000
v 7.216878 4.166667 2.000000
v 7.300129 3.965683 2.000000
v 7.328524 3.750000 2.000000
v 7.300129 3.534317 2.000000
v 7.216878 3.333333 2.000000
v 7.084446 3.160744 2.000000
v 6.911857 3.028312 2.000000
v 1.082532 1.875000 2.000000
v 4.091320 1.353419 2.500000
v 3.735825 1.078591 2.500000
v 3.369506 0.756378 2.500000
v 2.998124 0.382430 2.500000
v 2.627441 -0.047601 2.500000
v 1.947121 -1.034343 2.500000
v 1.410977 -2.111624 2.500000
v 1.206177 -2.667031 2.500000
v 1.053030 -3.199224 2.500000
v 0.946268 -3.701160 2.500000
v 0.878795 -4.170296 2.500000
v 0.342828 -4.605912 2.500000
v 0.376082 -4.169722 2.500000
v 0.440254 -3.694637 2.500000
v 0.542501 -3.183864 2.500000
v 0.689980 -2.640610 2.500000
v 0.889847 -2.068081 2.500000
v 1.439660 -0.913140 2.500000
v 2.150922 0.155566 2.500000
v 2.555632 0.639530 2.500000
v 2.965298 1.062352 2.500000
v 3.370663 1.425677 2.500000
v 3.765310 1.734771 2.500000
v 4.142826 1.994898 2.500000
v 4.746794 1.778312 3.000000
v 3.873254 1.189245 3.000000
v 3.113623 0.504479 3.000000
v 2.460163 -0.263557 3.000000
v 1.907937 -1.101548 3.000000
v 1.458329 -1.998785 3.000000
v 1.119919 -2.948716 3.000000
v 0.906710 -3.948958 3.000000
v 0.411928 -3.879094 3.000000
v 0.639243 -2.811886 3.000000
v 0.998733 -1.801880 3.000000
v 1.474252 -0.851126 3.000000
v 2.059605 0.036173 3.000000
v 2.754699 0.852137 3.000000
v 3.565765 1.582491 3.000000
v 6.730893 3.514298 3.000000
v 6.783866 3.583333 3.000000
v 6.817166 3.663727 3.000000
v 6.828524 3.750000 3.000000
v 6.817166 3.836273 3.000000
v 6.783866 3.916667 3.000000
v 6.730893 3.985702 3.000000
v 6.661857 4.038675 3.000000
v 6.581464 4.071975 3.000000
v 6.495191 4.083333 3.000000
v 6.408918 4.071975 3.000000
v 6.328524 4.038675 3.000000
v 4.163460 2.788675 3.000000
v 6.911857 3.028312 3.000000
v 3.913460 3.221688 3.000000
v 6.078524 4.471688 3.000000
v 6.279508 4.554938 3.000000
v 6.495191 4.583333 3.000000
v 6.710873 4.554938 3.000000
v 6.911857 4.471688 3.000000
v 7.084446 4.339256 3.000000
v 7.216878 4.166667 3.000000
v 7.300129 3.965683 3.000000
v 7.328524 3.750000 3.000000
v 7.300129 3.534317 3.000000
v 7.216878 3.333333 3.000000
v 7.084446 3.160744 3.000000
v 0.862485 6.560848 3.000000
v 0.952601 5.618350 3.000000
v 1.113300 4.710817 3.000000
v 1.363217 3.897302 3.000000
v 1.530122 3.549082 3.000000
v 1.730650 3.254043 3.000000
v 1.969619 3.023557 3.000000
v 2.105110 2.936147 3.000000
v 2.252131 2.869211 3.000000
v 2.411322 2.824147 3.000000
v 2.583305 2.802303 3.000000
v 2.967991 2.833285 3.000000
v 3.410386 2.971020 3.000000
v -3.410386 2.971020 3.000000
v -2.967991 2.833285 3.000000
v -2.583305 2.802303 3.000000
v -2.411322 2.824147 3.000000
v -2.252131 2.869211 3.000000
v -2.105110 2.936147 3.000000
v -1.969619 3.023557 3.000000
v -1.730650 3.254043 3.000000
v -1.530122 3.549082 3.000000
v -1.363217 3.897302 3.000000
v -1.113300 4.710817 3.000000
v -0.952601 5.618350 3.000000
v -0.862485 6.560848 3.000000
v -0.398897 6.068178 3.000000
v -0.613758 4.651229 3.000000
v -0.797836 3.984046 3.000000
v -1.058016 3.369628 3.000000
v -1.228477 3.089656 3.000000
v -1.434917 2.833748 3.000000
v -1.683808 2.613023 3.000000
v -1.979462 2.440683 3.000000
v -1.979462 2.440683 2.750000
v -1.683808 2.613023 2.750000
v -1.434917 2.833748 2.750000
v -1.228477 3.089656 2.750000
v -1.058016 3.369628 2.750000
v -0.797836 3.984046 2.750000
v -0.613758 4.651229 2.750000
v -0.398897 6.068178 2.750000
v 1.979462 2.440683 3.000000
v 1.684428 2.613157 3.000000
v 1.434439 2.834362 3.000000
v 1.228192 3.088963 3.000000
v 1.057956 3.369135 3.000000
v 0.797530 3.984029 3.000000
v 0.613357 4.651195 3.000000
v 0.398731 6.068014 3.000000
v 0.398731 6.068014 2.750000
v 0.613357 4.651195 2.750000
v 0.797530 3.984029 2.750000
v 1.057956 3.369135 2.750000
v 1.228192 3.088963 2.750000
v 1.434439 2.834362 2.750000
v 1.684428 2.613157 2.750000
v 1.979462 2.440683 2.750000
v 3.153359 2.296797 3.000000
v 2.115322 1.959571 3.000000
v 1.061129 1.765584 3.000000
v 0.000029 1.702303 3.000000
v -1.061108 1.765868 3.000000
v -2.115543 1.959544 3.000000
v -3.153430 2.296287 3.000000
v 0.995601 2.261615 2.750000
v 0.000642 2.203095 2.750000
v -0.995519 2.261625 2.750000
v -0.994608 2.261483 3.000000
v 0.000000 2.203095 3.000000
v 0.994608 2.261483 3.000000
v 1.082532 1.875000 3.000000
vt -1.832532 0.392699 0.000000
vt -2.332532 0.392699 0.000000
vt -1.832532 0.261799 0.000000
vt -2.332532 0.261799 0.000000
vt -1.832532 0.130900 0.000000
vt -2.332532 0.130900 0.000000
vt -1.832532 -0.000000 0.000000
vt -2.332532 -0.000000 0.000000
vt -1.832532 -0.130900 0.000000
vt -2.332532 -0.130900 0.000000
vt -1.832532 -0.261799 0.000000
vt -2.332532 -0.261799 0.000000
vt -1.832532 -0.392699 0.000000
vt -2.332532 -0.392699 0.000000
vt 2.129410 0.017037 0.000000
vt 2.250000 0.066987 0.000000
vt 2.000000 0.000000 0.000000
vt 2.353553 0.146447 0.000000
vt 2.433013 0.250000 0.000000
vt 2.482963 0.370590 0.000000
vt 0.000000 0.000000 0.000000
vt 2.500000 0.500000 0.000000
vt 0.000000 1.000000 0.000000
vt 2.500000 1.000000 0.000000
vt -0.540865 -0.392699 0.000000
vt -0.040865 -0.392699 0.000000
vt -0.540865 -0.261799 0.000000
vt -0.040865 -0.261799 0.000000
vt -0.540865 -0.130900 0.000000
vt -0.040865 -0.130900 0.000000
vt -0.540865 0.000000 0.000000
vt -0.040865 0.000000 0.000000
vt -0.540865 0.130900 0.000000
vt -0.040865 0.130900 0.000000
vt -0.540865 0.261799 0.000000
vt -0.040865 0.261799 0.000000
vt -0.540865 0.392699 0.000000
vt -0.040865 0.392699 0.000000
vt 0.017037 0.370590 0.000000
vt 2.500000 0.000000 0.000000
vt 0.000000 0.500000 0.000000
vt 2.500000 1.000000 0.000000
vt -0.000000 1.000000 0.000000
vt 0.500000 0.000000 0.000000
vt 0.066987 0.250000 0.000000
vt 0.146447 0.146447 0.000000
vt 0.250000 0.066987 0.000000
vt 0.370590 0.017037 0.000000
vt 0.000015 -3.143829 0.000000
vt -0.499985 -3.143829 0.000000
vt 0.000015 -3.643829 0.000000
vt -0.499985 -3.643829 0.000000
vt 0.000000 0.000000 0.000000
vt 2.500000 0.000000 0.000000
vt 0.000000 1.000000 0.000000
vt 2.500000 1.000000 0.000000
vt -1.000000 0.000000 0.000000
vt -0.000000 0.000000 0.000000
vt -1.000000 0.218166 0.000000
vt -0.000000 0.218166 0.000000
vt -1.000000 0.436332 0.000000
vt -0.000000 0.436332 0.000000
vt -1.000000 0.654498 0.000000
vt -0.000000 0.654498 0.000000
vt -1.000000 0.872665 0.000000
vt -0.000000 0.872665 0.000000
vt -1.000000 1.090831 0.000000
vt -0.000000 1.090831 0.000000
vt -1.000000 1.308997 0.000000
vt -0.000000 1.308997 0.000000
vt -1.000000 1.527163 0.000000
vt -0.000000 1.527163 0.000000
vt -1.000000 1.745329 0.000000
vt -0.000000 1.745329 0.000000
vt -1.000000 1.963495 0.000000
vt -0.000000 1.963495 0.000000
vt -1.000000 2.181662 0.000000
vt -0.000000 2.181662 0.000000
vt -1.000000 2.399828 0.000000
vt -0.000000 2.399828 0.000000
vt -1.000000 2.617994 0.000000
vt -0.000000 2.617994 0.000000
vt 2.500000 0.000000 0.000000
vt 2.500000 0.500000 0.000000
vt 0.000000 0.000000 0.000000
vt 0.000000 1.000000 0.000000
vt 2.500000 1.000000 0.000000
vt -0.000000 0.000000 0.000000
vt 2.500000 0.000000 0.000000
vt -0.000000 0.500000 0.000000
vt 2.500000 1.000000 0.000000
vt -0.000000 1.000000 0.000000
vt 1.000000 -1.047198 0.000000
vt -0.000000 -1.047198 0.000000
vt 1.000000 -1.134464 0.000000
vt -0.000000 -1.134464 0.000000
vt 1.000000 -1.221730 0.000000
vt 0.000000 -1.221730 0.000000
vt 1.000000 -1.308997 0.000000
vt 0.000000 -1.308997 0.000000
vt 1.000000 -1.396263 0.000000
vt 0.000000 -1.396263 0.000000
vt 1.000000 -1.483530 0.000000
vt -0.000000 -1.483530 0.000000
vt 1.000000 -1.570796 0.000000
vt -0.000000 -1.570796 0.000000
vt 1.000000 -1.658063 0.000000
vt -0.000000 -1.658063 0.000000
vt 1.000000 -1.745329 0.000000
vt -0.000000 -1.745329 0.000000
vt 1.000000 -1.832596 0.000000
vt -0.000000 -1.832596 0.000000
vt 1.000000 -1.919862 0.000000
vt -0.000000 -1.919862 0.000000
vt 1.000000 -2.007129 0.000000
vt 0.000000 -2.007129 0.000000
vt 1.000000 -2.094395 0.000000
vt 0.000000 -2.094395 0.000000
vt 0.000000 0.000000 0.000000
vt 2.500000 0.000000 0.000000
vt 0.000000 1.000000 0.000000
vt 2.500000 1.000000 0.000000
vt 0.000000 0.000000 0.000000
vt 2.500000 0.000000 0.000000
vt 0.000000 1.000000 0.000000
vt 2.500000 1.000000 0.000000
vt -2.500000 0.000000 0.000000
vt -0.000000 0.000000 0.000000
vt -2.500000 0.250000 0.000000
vt 0.000000 0.250000 0.000000
vt -0.000000 0.250000 0.000000
vt -2.500000 0.250000 0.000000
vt -0.000000 0.000000 0.000000
vt -2.500000 0.000000 0.000000
vt 0.250000 -0.000000 0.000000
vt 0.000000 -0.000000 0.000000
vt 0.250000 -0.087266 0.000000
vt 0.000000 -0.087266 0.000000
vt 0.250000 -0.174533 0.000000
vt 0.000000 -0.174533 0.000000
vt 0.250000 -0.261799 0.000000
vt 0.000000 -0.261799 0.000000
vt 0.250000 -0.349066 0.000000
vt 0.000000 -0.349066 0.000000
vt 0.250000 -0.436332 0.000000
vt 0.000000 -0.436332 0.000000
vt 0.250000 -0.523599 0.000000
vt 0.000000 -0.523599 0.000000
vt 0.250000 -0.610865 0.000000
vt 0.000000 -0.610865 0.000000
vt 0.250000 -0.698132 0.000000
vt 0.000000 -0.698132 0.000000
vt 0.250000 -0.785398 0.000000
vt 0.000000 -0.785398 0.000000
vt 0.250000 -0.872665 0.000000
vt 0.000000 -0.872665 0.000000
vt 0.250000 -0.959931 0.000000
vt 0.000000 -0.959931 0.000000
vt 0.250000 -1.047198 0.000000
vt 0.000000 -1.047198 0.000000
vt 2.500000 1.000000 0.000000
vt 0.000000 1.000000 0.000000
vt 2.500000 0.000000 0.000000
vt 0.000000 0.000000 0.000000
vt -1.000000 0.000000 0.000000
vt -0.000000 0.000000 0.000000
vt -1.000000 0.218166 0.000000
vt -0.000000 0.218166 0.000000
vt -1.000000 0.436332 0.000000
vt -0.000000 0.436332 0.000000
vt -1.000000 0.654498 0.000000
vt -0.000000 0.654498 0.000000
vt -1.000000 0.872665 0.000000
vt -0.000000 0.872665 0.000000
vt -1.000000 1.090831 0.000000
vt -0.000000 1.090831 0.000000
vt -1.000000 1.308997 0.000000
vt -0.000000 1.308997 0.000000
vt -1.000000 1.527163 0.000000
vt -0.000000 1.527163 0.000000
vt -1.000000 1.745329 0.000000
vt -0.000000 1.745329 0.000000
vt -1.000000 1.963495 0.000000
vt -0.000000 1.963495 0.000000
vt -1.000000 2.181662 0.000000
vt -0.000000 2.181662 0.000000
vt -1.000000 2.399828 0.000000
vt -0.000000 2.399828 0.000000
vt -1.000000 2.617994 0.000000
vt -0.000000 2.617994 0.000000
vt -1.997595 -5.096688 0.000000
vt -1.301890 -4.741478 0.000000
vt -2.247595 -4.663675 0.000000
vt -0.886134 -4.571024 0.000000
vt -1.883180 -4.465343 0.000000
vt -0.423930 -4.414889 0.000000
vt -1.469146 -4.268469 0.000000
vt 0.085609 -4.280236 0.000000
vt -1.004139 -4.081241 0.000000
vt 0.643368 -4.174231 0.000000
vt -0.486808 -3.911847 0.000000
vt 0.084200 -3.768477 0.000000
vt 1.838071 -4.078428 0.000000
vt 0.705680 -3.659971 0.000000
vt 1.986838 -3.578352 0.000000
vt 3.261952 -3.679671 0.000000
vt 3.857711 -3.792845 0.000000
vt 3.039097 -4.152753 0.000000
vt 4.401922 -3.936752 0.000000
vt 3.622493 -4.253096 0.000000
vt 4.895388 -4.103590 0.000000
vt 4.159959 -4.386562 0.000000
vt 5.338909 -4.285558 0.000000
vt 4.648029 -4.545072 0.000000
vt 5.733288 -4.474853 0.000000
vt 5.088050 -4.721207 0.000000
vt 6.079325 -4.663675 0.000000
vt 5.829325 -5.096688 0.000000
vt 0.000000 0.500000 0.000000
vt -0.788065 0.500000 0.000000
vt 0.000000 0.000000 0.000000
vt -1.003521 0.000000 0.000000
vt -1.247505 0.500000 0.000000
vt -1.750942 0.500000 0.000000
vt -2.007042 0.000000 0.000000
vt -2.299097 0.500000 0.000000
vt -3.010563 0.000000 0.000000
vt -2.888474 0.500000 0.000000
vt -4.091878 0.500000 0.000000
vt -5.290041 0.500000 0.000000
vt -5.017605 0.000000 0.000000
vt -4.014084 0.000000 0.000000
vt -6.021126 0.000000 0.000000
vt -5.854669 0.500000 0.000000
vt -6.375520 0.500000 0.000000
vt -7.024647 0.000000 0.000000
vt -6.853266 0.500000 0.000000
vt -7.288065 0.500000 0.000000
vt -8.028168 0.500000 0.000000
vt -8.028168 0.000000 0.000000
vt 8.497656 0.500000 0.000000
vt 8.110229 0.500000 0.000000
vt 8.497656 0.000000 0.000000
vt 7.435449 0.000000 0.000000
vt 7.675893 0.500000 0.000000
vt 7.194325 0.500000 0.000000
vt 6.664824 0.500000 0.000000
vt 6.373242 0.000000 0.000000
vt 6.086073 0.500000 0.000000
vt 5.311035 0.000000 0.000000
vt 5.460628 0.500000 0.000000
vt 4.177881 0.500000 0.000000
vt 2.900473 0.500000 0.000000
vt 3.186621 0.000000 0.000000
vt 4.248828 0.000000 0.000000
vt 2.124414 0.000000 0.000000
vt 2.300047 0.500000 0.000000
vt 1.747681 0.500000 0.000000
vt 1.062207 0.000000 0.000000
vt 1.241982 0.500000 0.000000
vt 0.782186 0.500000 0.000000
vt 0.368092 0.500000 0.000000
vt 0.000000 0.000000 0.000000
vt 0.000000 0.500000 0.000000
vt 0.000000 0.000000 0.000000
vt 2.500000 0.000000 0.000000
vt 0.000000 0.500000 0.000000
vt 2.500000 1.000000 0.000000
vt 0.000000 1.000000 0.000000
vt -1.000000 0.000000 0.000000
vt -0.000000 0.000000 0.000000
vt -1.000000 0.218166 0.000000
vt -0.000000 0.218166 0.000000
vt -1.000000 0.436332 0.000000
vt -0.000000 0.436332 0.000000
vt -1.000000 0.654498 0.000000
vt -0.000000 0.654498 0.000000
vt -1.000000 0.872665 0.000000
vt -0.000000 0.872665 0.000000
vt -1.000000 1.090831 0.000000
vt -0.000000 1.090831 0.000000
vt -1.000000 1.308997 0.000000
vt -0.000000 1.308997 0.000000
vt -1.000000 1.527163 0.000000
vt -0.000000 1.527163 0.000000
vt -1.000000 1.745329 0.000000
vt -0.000000 1.745329 0.000000
vt -1.000000 1.963495 0.000000
vt -0.000000 1.963495 0.000000
vt -1.000000 2.181662 0.000000
vt -0.000000 2.181662 0.000000
vt -1.000000 2.399828 0.000000
vt -0.000000 2.399828 0.000000
vt -1.000000 2.617994 0.000000
vt -0.000000 2.617994 0.000000
vt 2.129410 0.017037 0.000000
vt 2.250000 0.066987 0.000000
vt 2.000000 0.000000 0.000000
vt 2.353553 0.146447 0.000000
vt 2.433013 0.250000 0.000000
vt 2.482963 0.370590 0.000000
vt 0.000000 0.000000 0.000000
vt 2.500000 0.500000 0.000000
vt 0.000000 1.000000 0.000000
vt 2.500000 1.000000 0.000000
vt 1.000000 -1.047198 0.000000
vt -0.000000 -1.047198 0.000000
vt 1.000000 -1.134464 0.000000
vt 0.000000 -1.134464 0.000000
vt 1.000000 -1.221730 0.000000
vt 0.000000 -1.221730 0.000000
vt 1.000000 -1.308997 0.000000
vt 0.000000 -1.308997 0.000000
vt 1.000000 -1.396263 0.000000
vt 0.000000 -1.396263 0.000000
vt 1.000000 -1.483530 0.000000
vt 0.000000 -1.483530 0.000000
vt 1.000000 -1.570796 0.000000
vt -0.000000 -1.570796 0.000000
vt 1.000000 -1.658063 0.000000
vt -0.000000 -1.658063 0.000000
vt 1.000000 -1.745329 0.000000
vt 0.000000 -1.745329 0.000000
vt 1.000000 -1.832596 0.000000
vt -0.000000 -1.832596 0.000000
vt 1.000000 -1.919862 0.000000
vt 0.000000 -1.919862 0.000000
vt 1.000000 -2.007129 0.000000
vt 0.000000 -2.007129 0.000000
vt 1.000000 -2.094395 0.000000
vt 0.000000 -2.094395 0.000000
vt 2.500000 0.000000 0.000000
vt 2.500000 0.500000 0.000000
vt 0.000000 0.000000 0.000000
vt 0.000000 1.000000 0.000000
vt 2.500000 1.000000 0.000000
vt -2.749198 3.625000 0.000000
vt -2.249198 3.625000 0.000000
vt -2.749198 5.625000 0.000000
vt -2.249198 5.625000 0.000000
vt -2.237840 5.711273 0.000000
vt -2.720803 5.840683 0.000000
vt -2.204540 5.791667 0.000000
vt -2.637553 6.041667 0.000000
vt -2.151567 5.860702 0.000000
vt -2.505121 6.214256 0.000000
vt -2.082532 5.913675 0.000000
vt -2.332532 6.346688 0.000000
vt -2.002138 5.946975 0.000000
vt -2.131548 6.429938 0.000000
vt -1.915865 5.958333 0.000000
vt -1.915865 6.458333 0.000000
vt -1.700183 6.429938 0.000000
vt -1.829592 5.946975 0.000000
vt -1.499198 6.346688 0.000000
vt -1.749198 5.913675 0.000000
vt -1.326609 6.214256 0.000000
vt -1.680163 5.860702 0.000000
vt -1.194177 6.041667 0.000000
vt -1.627190 5.791667 0.000000
vt -1.110927 5.840683 0.000000
vt -1.593890 5.711273 0.000000
vt -1.082532 5.625000 0.000000
vt -1.582532 5.625000 0.000000
vt -1.082532 3.125000 0.000000
vt -1.582532 3.125000 0.000000
vt -1.048080 2.563991 0.000000
vt -1.503460 2.004288 0.000000
vt -0.946164 2.111998 0.000000
vt -0.780652 1.763359 0.000000
vt -1.276488 0.936708 0.000000
vt -0.833333 -0.000000 0.000000
vt -0.917389 -0.073243 0.000000
vt -0.441642 -1.023824 0.000000
vt 0.143976 -1.911012 0.000000
vt 1.922791 -1.425584 0.000000
vt 2.140906 -1.106929 0.000000
vt 0.777689 1.254231 0.000000
vt 0.392669 1.224665 0.000000
vt 0.838921 -2.727342 0.000000
vt 1.687422 -2.068962 0.000000
vt 1.767544 -1.746765 0.000000
vt 1.649493 -3.457807 0.000000
vt 1.802652 -2.711056 0.000000
vt 1.735579 -2.551193 0.000000
vt 1.695010 -2.390798 0.000000
vt 2.580929 -4.086325 0.000000
vt 2.362307 -3.342971 0.000000
vt 2.021827 -3.028713 0.000000
vt 4.745992 -5.336325 0.000000
vt 4.995992 -4.903312 0.000000
vt 2.830929 -3.653312 0.000000
vt 5.168581 -5.035744 0.000000
vt 4.815028 -5.389298 0.000000
vt 5.301013 -5.208333 0.000000
vt 4.868001 -5.458333 0.000000
vt 5.384264 -5.409317 0.000000
vt 4.901301 -5.538727 0.000000
vt 5.412659 -5.625000 0.000000
vt 4.912659 -5.625000 0.000000
vt 4.901301 -5.711273 0.000000
vt 5.384264 -5.840683 0.000000
vt 4.868001 -5.791667 0.000000
vt 5.301013 -6.041667 0.000000
vt 4.815028 -5.860702 0.000000
vt 5.168581 -6.214256 0.000000
vt 4.745992 -5.913675 0.000000
vt 4.995992 -6.346688 0.000000
vt 4.665598 -5.946975 0.000000
vt 4.795008 -6.429938 0.000000
vt 4.579325 -5.958333 0.000000
vt 4.579325 -6.458333 0.000000
vt 4.363643 -6.429938 0.000000
vt 4.493052 -5.946975 0.000000
vt 4.162659 -6.346688 0.000000
vt 4.412659 -5.913675 0.000000
vt 1.997595 -5.096688 0.000000
vt 2.247595 -4.663675 0.000000
vt 1.050678 -4.634713 0.000000
vt 1.237565 -4.171287 0.000000
vt 0.077838 -4.319237 0.000000
vt 0.199678 -3.834544 0.000000
vt -0.914031 -4.137343 0.000000
vt -0.854757 -3.640868 0.000000
vt -1.915865 -4.078095 0.000000
vt -1.915894 -3.577303 0.000000
vt -2.976994 -3.640584 0.000000
vt -2.917699 -4.137343 0.000000
vt -4.031187 -3.834571 0.000000
vt -3.909568 -4.319237 0.000000
vt -5.069224 -4.171797 0.000000
vt -4.882408 -4.634713 0.000000
vt -6.079325 -4.663675 0.000000
vt -5.829325 -5.096688 0.000000
vt -8.244389 -5.913675 0.000000
vt -7.994389 -6.346688 0.000000
vt -8.324783 -5.946975 0.000000
vt -8.195373 -6.429938 0.000000
vt -8.411056 -5.958333 0.000000
vt -8.411056 -6.458333 0.000000
vt -8.626738 -6.429938 0.000000
vt -8.497329 -5.946975 0.000000
vt -8.827722 -6.346688 0.000000
vt -8.577722 -5.913675 0.000000
vt -9.000311 -6.214256 0.000000
vt -8.646758 -5.860702 0.000000
vt -9.132743 -6.041667 0.000000
vt -8.699731 -5.791667 0.000000
vt -9.215994 -5.840683 0.000000
vt -8.733031 -5.711273 0.000000
vt -9.244389 -5.625000 0.000000
vt -8.744389 -5.625000 0.000000
vt -8.733031 -5.538727 0.000000
vt -9.215994 -5.409317 0.000000
vt -8.699731 -5.458333 0.000000
vt -9.132743 -5.208333 0.000000
vt -8.646758 -5.389298 0.000000
vt -9.000311 -5.035744 0.000000
vt -8.577722 -5.336325 0.000000
vt -8.827722 -4.903312 0.000000
vt -6.845671 -4.336325 0.000000
vt -7.095671 -3.903312 0.000000
vt 1.679468 -2.230005 0.000000
vt 2.720472 -0.483737 0.000000
vt 1.607172 1.444554 0.000000
vt 3.426070 0.109198 0.000000
vt 2.473468 1.759152 0.000000
vt 4.197238 0.658490 0.000000
vt 3.334753 2.152357 0.000000
vt 4.995992 1.153312 0.000000
vt 4.162659 2.596688 0.000000
vt 7.161056 2.403312 0.000000
vt 6.327722 3.846688 0.000000
vt 7.333645 2.535744 0.000000
vt 7.466077 2.708333 0.000000
vt 7.549327 2.909317 0.000000
vt 7.577722 3.125000 0.000000
vt 7.549327 3.340683 0.000000
vt 7.466077 3.541667 0.000000
vt 7.333645 3.714256 0.000000
vt 7.161056 3.846688 0.000000
vt 6.528706 3.929938 0.000000
vt 6.960071 3.929938 0.000000
vt 6.744389 3.958333 0.000000
vt 0.036894 1.250808 0.000000
vt -0.282198 1.342519 0.000000
vt -0.425642 1.416152 0.000000
vt -0.557121 1.510008 0.000000
vt -0.675743 1.625340 0.000000
vt -0.000015 -1.915865 0.000000
vt 0.499985 -1.915865 0.000000
vt -0.000015 -1.415865 0.000000
vt 0.499985 -1.415865 0.000000
vt -2.249198 3.125000 0.000000
vt -2.749198 3.125000 0.000000
vt -2.259645 2.710242 0.000000
vt -2.789430 2.344896 0.000000
vt -2.296165 2.253240 0.000000
vt -2.366524 1.756918 0.000000
vt -2.849690 1.899615 0.000000
vt -2.478490 1.224199 0.000000
vt -2.945575 1.421266 0.000000
vt -2.639832 0.658007 0.000000
vt -3.083733 0.912667 0.000000
vt -2.856603 0.065536 0.000000
vt -3.270809 0.376630 0.000000
vt -3.426498 -1.084788 0.000000
vt -3.785193 -0.705915 0.000000
vt -4.151800 -2.138410 0.000000
vt -4.450073 -1.708870 0.000000
vt -4.547690 -2.597765 0.000000
vt -4.828670 -2.163935 0.000000
vt -4.944423 -2.997113 0.000000
vt -5.212989 -2.562662 0.000000
vt -5.335642 -3.341047 0.000000
vt -5.594297 -2.906088 0.000000
vt -5.714992 -3.634164 0.000000
vt -5.966845 -3.199089 0.000000
vt -6.076116 -3.881059 0.000000
vt -6.662659 -3.653312 0.000000
vt -6.412659 -4.086325 0.000000
vt -8.028168 0.500000 0.000000
vt -7.240103 0.500000 0.000000
vt -8.028168 1.000000 0.000000
vt -7.024647 1.000000 0.000000
vt -6.780663 0.500000 0.000000
vt -6.277227 0.500000 0.000000
vt -6.021126 1.000000 0.000000
vt -5.729071 0.500000 0.000000
vt -5.017605 1.000000 0.000000
vt -5.139694 0.500000 0.000000
vt -3.936290 0.500000 0.000000
vt -2.738127 0.500000 0.000000
vt -3.010563 1.000000 0.000000
vt -4.014084 1.000000 0.000000
vt -2.007042 1.000000 0.000000
vt -2.173499 0.500000 0.000000
vt -1.652649 0.500000 0.000000
vt -1.003521 1.000000 0.000000
vt -1.174903 0.500000 0.000000
vt -0.740103 0.500000 0.000000
vt 0.000000 0.500000 0.000000
vt 0.000000 1.000000 0.000000
vt 0.000000 0.500000 0.000000
vt 0.387548 0.500000 0.000000
vt 0.000000 1.000000 0.000000
vt 1.062207 1.000000 0.000000
vt 0.821933 0.500000 0.000000
vt 1.303372 0.500000 0.000000
vt 1.832689 0.500000 0.000000
vt 2.124414 1.000000 0.000000
vt 2.411375 0.500000 0.000000
vt 3.186621 1.000000 0.000000
vt 3.036997 0.500000 0.000000
vt 4.319833 0.500000 0.000000
vt 5.597118 0.500000 0.000000
vt 5.311035 1.000000 0.000000
vt 4.248828 1.000000 0.000000
vt 6.373242 1.000000 0.000000
vt 6.197395 0.500000 0.000000
vt 6.749857 0.500000 0.000000
vt 7.435449 1.000000 0.000000
vt 7.255737 0.500000 0.000000
vt 7.715645 0.500000 0.000000
vt 8.129678 0.500000 0.000000
vt 8.497656 1.000000 0.000000
vt 8.497656 0.500000 0.000000
vt 1.000000 -1.047198 0.000000
vt 0.000000 -1.047198 0.000000
vt 1.000000 -1.134464 0.000000
vt -0.000000 -1.134464 0.000000
vt 1.000000 -1.221730 0.000000
vt 0.000000 -1.221730 0.000000
vt 1.000000 -1.308997 0.000000
vt 0.000000 -1.308997 0.000000
vt 1.000000 -1.396263 0.000000
vt 0.000000 -1.396263 0.000000
vt 1.000000 -1.483530 0.000000
vt -0.000000 -1.483530 0.000000
vt 1.000000 -1.570796 0.000000
vt -0.000000 -1.570796 0.000000
vt 1.000000 -1.658063 0.000000
vt 0.000000 -1.658063 0.000000
vt 1.000000 -1.745329 0.000000
vt 0.000000 -1.745329 0.000000
vt 1.000000 -1.832596 0.000000
vt -0.000000 -1.832596 0.000000
vt 1.000000 -1.919862 0.000000
vt -0.000000 -1.919862 0.000000
vt 1.000000 -2.007129 0.000000
vt -0.000000 -2.007129 0.000000
vt 1.000000 -2.094395 0.000000
vt 0.000000 -2.094395 0.000000
vt 0.000000 0.000000 0.000000
vt 2.500000 0.000000 0.000000
vt 0.000000 1.000000 0.000000
vt 2.500000 1.000000 0.000000
vt 0.017037 0.370590 0.000000
vt 2.500000 0.000000 0.000000
vt 0.000000 0.500000 0.000000
vt 2.500000 1.000000 0.000000
vt -0.000000 1.000000 0.000000
vt 0.500000 0.000000 0.000000
vt 0.066987 0.250000 0.000000
vt 0.146447 0.146447 0.000000
vt 0.250000 0.066987 0.000000
vt 0.370590 0.017037 0.000000
vt -0.000000 0.000000 0.000000
vt 2.500000 0.000000 0.000000
vt -0.000000 1.000000 0.000000
vt 2.500000 1.000000 0.000000
vt -1.000000 0.000000 0.000000
vt -0.000000 0.000000 0.000000
vt -1.000000 0.218166 0.000000
vt -0.000000 0.218166 0.000000
vt -1.000000 0.436332 0.000000
vt -0.000000 0.436332 0.000000
vt -1.000000 0.654498 0.000000
vt -0.000000 0.654498 0.000000
vt -1.000000 0.872665 0.000000
vt -0.000000 0.872665 0.000000
vt -1.000000 1.090831 0.000000
vt -0.000000 1.090831 0.000000
vt -1.000000 1.308997 0.000000
vt -0.000000 1.308997 0.000000
vt -1.000000 1.527163 0.000000
vt -0.000000 1.527163 0.000000
vt -1.000000 1.745329 0.000000
vt -0.000000 1.745329 0.000000
vt -1.000000 1.963495 0.000000
vt -0.000000 1.963495 0.000000
vt -1.000000 2.181662 0.000000
vt -0.000000 2.181662 0.000000
vt -1.000000 2.399828 0.000000
vt -0.000000 2.399828 0.000000
vt -1.000000 2.617994 0.000000
vt -0.000000 2.617994 0.000000
vt 0.000000 0.000000 0.000000
vt 0.400939 0.000000 0.000000
vt 0.000000 1.000000 0.000000
vt 0.400939 1.000000 0.000000
vt 0.801877 0.000000 0.000000
vt 0.801877 1.000000 0.000000
vt 1.202816 0.000000 0.000000
vt 1.202816 1.000000 0.000000
vt 1.403285 0.000000 0.000000
vt 1.403285 1.000000 0.000000
vt 1.603754 0.000000 0.000000
vt 1.603754 1.000000 0.000000
vt 1.804223 0.000000 0.000000
vt 1.804223 1.000000 0.000000
vt 2.004693 0.000000 0.000000
vt 2.004693 1.000000 0.000000
vt 2.405631 0.000000 0.000000
vt 2.405631 1.000000 0.000000
vt 2.806570 0.000000 0.000000
vt 2.806570 1.000000 0.000000
vt 3.207508 0.000000 0.000000
vt 3.207508 1.000000 0.000000
vt 4.009386 0.000000 0.000000
vt 4.009386 1.000000 0.000000
vt 4.811263 0.000000 0.000000
vt 4.811263 1.000000 0.000000
vt 5.613140 0.000000 0.000000
vt 5.613140 1.000000 0.000000
vt 6.415017 0.000000 0.000000
vt 6.415017 1.000000 0.000000
vt -6.414297 0.000000 0.000000
vt -5.612510 0.000000 0.000000
vt -6.414297 1.000000 0.000000
vt -5.612510 1.000000 0.000000
vt -4.810723 0.000000 0.000000
vt -4.810723 1.000000 0.000000
vt -4.008935 0.000000 0.000000
vt -4.008935 1.000000 0.000000
vt -3.207148 0.000000 0.000000
vt -3.207148 1.000000 0.000000
vt -2.806255 0.000000 0.000000
vt -2.806255 1.000000 0.000000
vt -2.405361 0.000000 0.000000
vt -2.405361 1.000000 0.000000
vt -2.004468 0.000000 0.000000
vt -2.004468 1.000000 0.000000
vt -1.804021 0.000000 0.000000
vt -1.804021 1.000000 0.000000
vt -1.603574 0.000000 0.000000
vt -1.603574 1.000000 0.000000
vt -1.403127 0.000000 0.000000
vt -1.403127 1.000000 0.000000
vt -1.202681 0.000000 0.000000
vt -1.202681 1.000000 0.000000
vt -0.801787 0.000000 0.000000
vt -0.801787 1.000000 0.000000
vt -0.400894 0.000000 0.000000
vt -0.400894 1.000000 0.000000
vt 0.000000 0.000000 0.000000
vt 0.000000 1.000000 0.000000
vt -7.654914 0.000000 0.000000
vt -6.246831 0.000000 0.000000
vt -7.654914 0.250000 0.000000
vt -6.246831 0.250000 0.000000
vt -4.838749 0.000000 0.000000
vt -4.838749 0.250000 0.000000
vt -4.134708 0.000000 0.000000
vt -4.134708 0.250000 0.000000
vt -3.430667 0.000000 0.000000
vt -3.430667 0.250000 0.000000
vt -3.078646 0.000000 0.000000
vt -3.078646 0.250000 0.000000
vt -2.726626 0.000000 0.000000
vt -2.726626 0.250000 0.000000
vt -2.374605 0.000000 0.000000
vt -2.374605 0.250000 0.000000
vt -2.022591 0.000000 0.000000
vt -2.022591 0.250000 0.000000
vt 2.022526 0.000000 0.000000
vt 2.374245 0.000000 0.000000
vt 2.022526 0.250000 0.000000
vt 2.374245 0.250000 0.000000
vt 2.726220 0.000000 0.000000
vt 2.726220 0.250000 0.000000
vt 3.078252 0.000000 0.000000
vt 3.078252 0.250000 0.000000
vt 3.430284 0.000000 0.000000
vt 3.430284 0.250000 0.000000
vt 4.134349 0.000000 0.000000
vt 4.134349 0.250000 0.000000
vt 4.838413 0.000000 0.000000
vt 4.838413 0.250000 0.000000
vt 6.246541 0.000000 0.000000
vt 6.246541 0.250000 0.000000
vt 7.654670 0.000000 0.000000
vt 7.654670 0.250000 0.000000
vt -8.497656 0.000000 0.000000
vt -7.435449 0.000000 0.000000
vt -8.497656 1.000000 0.000000
vt -7.435449 1.000000 0.000000
vt -6.373242 0.000000 0.000000
vt -6.373242 1.000000 0.000000
vt -5.311035 0.000000 0.000000
vt -5.311035 1.000000 0.000000
vt -4.248828 0.000000 0.000000
vt -4.248828 1.000000 0.000000
vt -3.186621 0.000000 0.000000
vt -3.186621 1.000000 0.000000
vt -2.124414 0.000000 0.000000
vt -2.124414 1.000000 0.000000
vt -1.062207 0.000000 0.000000
vt -1.062207 1.000000 0.000000
vt 0.000000 0.000000 0.000000
vt 0.000000 1.000000 0.000000
vt 2.021567 0.750000 0.000000
vt 3.016826 0.750000 0.000000
vt 2.021567 1.000000 0.000000
vt 3.017826 1.000000 0.000000
vt 4.013442 0.750000 0.000000
vt 4.014084 1.000000 0.000000
vt 5.010343 1.000000 0.000000
vt 5.011263 0.750000 0.000000
vt 6.006601 1.000000 0.000000
vt 6.006601 0.750000 0.000000
vt 0.396337 -0.269422 0.000000
vt -0.002620 -0.960106 0.000000
vt 1.603549 -1.042112 0.000000
vt 1.270216 -1.619462 0.000000
vt 3.768613 -2.292112 0.000000
vt 3.435280 -2.869462 0.000000
vt 3.837648 -2.345085 0.000000
vt 3.890621 -2.414121 0.000000
vt 3.923921 -2.494514 0.000000
vt 3.935280 -2.580787 0.000000
vt 3.923921 -2.667060 0.000000
vt 3.890621 -2.747454 0.000000
vt 3.837648 -2.816489 0.000000
vt 3.768613 -2.869462 0.000000
vt 3.515673 -2.902762 0.000000
vt 3.688219 -2.902762 0.000000
vt 3.601946 -2.914121 0.000000
vt -1.336933 -0.437567 0.000000
vt -0.723346 0.625128 0.000000
vt -2.006802 -0.263483 0.000000
vt -1.209105 1.118137 0.000000
vt -2.669529 -0.181572 0.000000
vt -3.597492 0.426189 0.000000
vt -2.997284 -0.188914 0.000000
vt -3.320898 -0.240228 0.000000
vt -3.637461 -0.346123 0.000000
vt -3.934346 -0.515393 0.000000
vt -3.150692 1.317109 0.000000
vt -1.611116 1.650667 0.000000
vt -1.768349 1.938277 0.000000
vt -2.601923 2.150545 0.000000
vt -1.886751 2.245013 0.000000
vt -1.953459 2.570922 0.000000
vt -1.954883 2.913136 0.000000
vt -3.139823 1.504318 0.000000
vt -3.334753 2.152357 0.000000
vt -4.412659 2.163675 0.000000
vt -4.162659 2.596688 0.000000
vt -6.577722 3.413675 0.000000
vt -6.327722 3.846688 0.000000
vt -6.658116 3.446975 0.000000
vt -6.528706 3.929938 0.000000
vt -6.744389 3.458333 0.000000
vt -6.744389 3.958333 0.000000
vt -6.960071 3.929938 0.000000
vt -2.473468 1.759152 0.000000
vt -1.805509 0.981780 0.000000
vt -1.607172 1.444554 0.000000
vt -1.135641 0.807696 0.000000
vt -0.777689 1.254231 0.000000
vt -0.472913 0.725784 0.000000
vt -0.392669 1.224665 0.000000
vt -0.145159 0.733127 0.000000
vt -0.036894 1.250808 0.000000
vt 0.178455 0.784441 0.000000
vt 0.495019 0.890336 0.000000
vt 0.282198 1.342519 0.000000
vt 0.791903 1.059606 0.000000
vt 0.425642 1.416152 0.000000
vt 0.557121 1.510008 0.000000
vt 0.675743 1.625340 0.000000
vt 0.780652 1.763359 0.000000
vt 1.276488 0.936708 0.000000
vt 1.503460 2.004288 0.000000
vt 0.833333 -0.000000 0.000000
vt 0.454667 0.117097 0.000000
vt 0.917389 -0.073243 0.000000
vt 0.007929 -0.773452 0.000000
vt 0.441642 -1.023824 0.000000
vt -0.539941 -1.605614 0.000000
vt -0.143976 -1.911012 0.000000
vt -1.187559 -2.368923 0.000000
vt -0.838921 -2.727342 0.000000
vt -1.735579 -2.551193 0.000000
vt -1.802652 -2.711056 0.000000
vt -1.188984 -2.026709 0.000000
vt -1.679468 -2.230005 0.000000
vt -1.695010 -2.390798 0.000000
vt -1.687422 -2.068962 0.000000
vt -1.255691 -1.700800 0.000000
vt -1.767544 -1.746765 0.000000
vt -1.374094 -1.394064 0.000000
vt -1.922791 -1.425584 0.000000
vt -1.531326 -1.106455 0.000000
vt -2.140906 -1.106929 0.000000
vt -1.933338 -0.573924 0.000000
vt -2.720472 -0.483737 0.000000
vt -2.419097 -0.080915 0.000000
vt -3.426070 0.109198 0.000000
vt -3.538780 0.813634 0.000000
vt -4.197238 0.658490 0.000000
vt -4.745992 1.586325 0.000000
vt -4.995992 1.153312 0.000000
vt -7.161056 2.403312 0.000000
vt -6.911056 2.836325 0.000000
vt -7.333645 2.535744 0.000000
vt -6.980091 2.889298 0.000000
vt -7.466077 2.708333 0.000000
vt -7.033064 2.958333 0.000000
vt -7.549327 2.909317 0.000000
vt -7.066364 3.038727 0.000000
vt -7.577722 3.125000 0.000000
vt -7.077722 3.125000 0.000000
vt -7.066364 3.211273 0.000000
vt -7.549327 3.340683 0.000000
vt -7.033064 3.291667 0.000000
vt -7.466077 3.541667 0.000000
vt -6.980091 3.360702 0.000000
vt -7.333645 3.714256 0.000000
vt -6.911056 3.413675 0.000000
vt -7.161056 3.846688 0.000000
vt -6.830662 3.446975 0.000000
vt -1.649493 -3.457807 0.000000
vt -2.021827 -3.028713 0.000000
vt -2.362307 -3.342971 0.000000
vt -2.580929 -4.086325 0.000000
vt -2.830929 -3.653312 0.000000
vt -4.995992 -4.903312 0.000000
vt -4.745992 -5.336325 0.000000
vt -5.168581 -5.035744 0.000000
vt -4.815028 -5.389298 0.000000
vt -5.301013 -5.208333 0.000000
vt -4.868001 -5.458333 0.000000
vt -5.384264 -5.409317 0.000000
vt -4.901301 -5.538727 0.000000
vt -5.412659 -5.625000 0.000000
vt -4.912659 -5.625000 0.000000
vt -4.901301 -5.711273 0.000000
vt -5.384264 -5.840683 0.000000
vt -4.868001 -5.791667 0.000000
vt -5.301013 -6.041667 0.000000
vt -4.815028 -5.860702 0.000000
vt -5.168581 -6.214256 0.000000
vt -4.745992 -5.913675 0.000000
vt -4.995992 -6.346688 0.000000
vt -4.665598 -5.946975 0.000000
vt -4.795008 -6.429938 0.000000
vt -4.579325 -5.958333 0.000000
vt -4.579325 -6.458333 0.000000
vt -4.363643 -6.429938 0.000000
vt -4.493052 -5.946975 0.000000
vt -4.162659 -6.346688 0.000000
vt -4.412659 -5.913675 0.000000
vt -1.997595 -5.096688 0.000000
vt -2.247595 -4.663675 0.000000
vt 1.582532 3.125000 0.000000
vt 1.048080 2.563991 0.000000
vt 0.946164 2.111998 0.000000
vt 1.582532 5.625000 0.000000
vt 1.082532 5.625000 0.000000
vt 1.082532 3.125000 0.000000
vt 1.593890 5.711273 0.000000
vt 1.110927 5.840683 0.000000
vt 1.627190 5.791667 0.000000
vt 1.194177 6.041667 0.000000
vt 1.680163 5.860702 0.000000
vt 1.326609 6.214256 0.000000
vt 1.749198 5.913675 0.000000
vt 1.499198 6.346688 0.000000
vt 1.829592 5.946975 0.000000
vt 1.700183 6.429938 0.000000
vt 1.915865 5.958333 0.000000
vt 1.915865 6.458333 0.000000
vt 2.131548 6.429938 0.000000
vt 2.002138 5.946975 0.000000
vt 2.332532 6.346688 0.000000
vt 2.082532 5.913675 0.000000
vt 2.505121 6.214256 0.000000
vt 2.151567 5.860702 0.000000
vt 2.637553 6.041667 0.000000
vt 2.204540 5.791667 0.000000
vt 2.720803 5.840683 0.000000
vt 2.237840 5.711273 0.000000
vt 2.749198 5.625000 0.000000
vt 2.249198 5.625000 0.000000
vt 2.749198 3.125000 0.000000
vt 2.249198 3.125000 0.000000
vt 2.822576 2.073958 0.000000
vt 2.328270 2.004288 0.000000
vt 3.035784 1.073716 0.000000
vt 2.555243 0.936708 0.000000
vt 3.374194 0.123785 0.000000
vt 2.914341 -0.073243 0.000000
vt 3.823802 -0.773452 0.000000
vt 3.390088 -1.023824 0.000000
vt 4.376028 -1.611443 0.000000
vt 3.975706 -1.911012 0.000000
vt 5.029488 -2.379479 0.000000
vt 4.670651 -2.727342 0.000000
vt 5.789119 -3.064245 0.000000
vt 5.481223 -3.457807 0.000000
vt 6.662659 -3.653312 0.000000
vt 6.412659 -4.086325 0.000000
vt 8.827722 -4.903312 0.000000
vt 8.577722 -5.336325 0.000000
vt 9.000311 -5.035744 0.000000
vt 8.646758 -5.389298 0.000000
vt 9.132743 -5.208333 0.000000
vt 8.699731 -5.458333 0.000000
vt 9.215994 -5.409317 0.000000
vt 8.733031 -5.538727 0.000000
vt 9.244389 -5.625000 0.000000
vt 8.744389 -5.625000 0.000000
vt 8.733031 -5.711273 0.000000
vt 9.215994 -5.840683 0.000000
vt 8.699731 -5.791667 0.000000
vt 9.132743 -6.041667 0.000000
vt 8.646758 -5.860702 0.000000
vt 9.000311 -6.214256 0.000000
vt 8.577722 -5.913675 0.000000
vt 8.827722 -6.346688 0.000000
vt 8.497329 -5.946975 0.000000
vt 8.626738 -6.429938 0.000000
vt 8.411056 -5.958333 0.000000
vt 8.411056 -6.458333 0.000000
vt 8.195373 -6.429938 0.000000
vt 8.324783 -5.946975 0.000000
vt 7.994389 -6.346688 0.000000
vt 8.244389 -5.913675 0.000000
vt 5.829325 -5.096688 0.000000
vt 6.079325 -4.663675 0.000000
vn -0.000000 -0.000000 -1.000000
vn -0.000000 -0.000000 -1.000000
vn -0.224144 -0.129410 -0.965926
vn -0.224144 -0.129410 -0.965926
vn -0.433013 -0.250000 -0.866025
vn -0.433013 -0.250000 -0.866025
vn -0.612372 -0.353553 -0.707107
vn -0.612372 -0.353553 -0.707107
vn -0.750000 -0.433013 -0.500000
vn -0.750000 -0.433013 -0.500000
vn -0.836516 -0.482963 -0.258819
vn -0.836516 -0.482963 -0.258819
vn -0.866025 -0.500000 -0.000000
vn -0.866025 -0.500000 -0.000000
vn -0.500000 0.866025 0.000000
vn -0.500000 0.866025 0.000000
vn -0.500000 0.866025 0.000000
vn -0.500000 0.866025 0.000000
vn -0.500000 0.866025 0.000000
vn -0.500000 0.866025 0.000000
vn -0.500000 0.866025 0.000000
vn -0.500000 0.866025 0.000000
vn -0.500000 0.866025 0.000000
vn -0.500000 0.866025 0.000000
vn 0.000000 1.000000 -0.000000
vn 0.000000 1.000000 -0.000000
vn 0.000000 0.965926 -0.258819
vn 0.000000 0.965926 -0.258819
vn 0.000000 0.866025 -0.500000
vn 0.000000 0.866025 -0.500000
vn 0.000000 0.707107 -0.707107
vn 0.000000 0.707107 -0.707107
vn 0.000000 0.500000 -0.866025
vn 0.000000 0.500000 -0.866025
vn 0.000000 0.258819 -0.965926
vn 0.000000 0.258819 -0.965926
vn -0.000000 -0.000000 -1.000000
vn 0.000000 0.000000 -1.000000
vn -1.000000 0.000000 0.000000
vn -1.000000 0.000000 0.000000
vn -1.000000 0.000000 0.000000
vn -1.000000 0.000000 0.000000
vn -1.000000 0.000000 0.000000
vn -1.000000 0.000000 0.000000
vn -1.000000 0.000000 0.000000
vn -1.000000 0.000000 0.000000
vn -1.000000 0.000000 0.000000
vn -1.000000 0.000000 0.000000
vn 0.866025 -0.500000 0.000000
vn 0.866025 -0.500000 0.000000
vn 0.866025 -0.500000 0.000000
vn 0.866025 -0.500000 0.000000
vn 0.500000 0.866025 0.000000
vn 0.500000 0.866025 0.000000
vn 0.500000 0.866025 0.000000
vn 0.500000 0.866025 0.000000
vn 0.258819 0.965926 -0.000000
vn 0.258819 0.965926 -0.000000
vn -0.000000 1.000000 -0.000000
vn -0.000000 1.000000 -0.000000
vn -0.258819 0.965926 -0.000000
vn -0.258819 0.965926 -0.000000
vn -0.500000 0.866025 -0.000000
vn -0.500000 0.866025 -0.000000
vn -0.707107 0.707107 -0.000000
vn -0.707107 0.707107 -0.000000
vn -0.866025 0.500000 -0.000000
vn -0.866025 0.500000 -0.000000
vn -0.965926 0.258819 -0.000000
vn -0.965926 0.258819 -0.000000
vn -1.000000 -0.000000 0.000000
vn -1.000000 -0.000000 0.000000
vn -0.965926 -0.258819 0.000000
vn -0.965926 -0.258819 0.000000
vn -0.866025 -0.500000 0.000000
vn -0.866025 -0.500000 0.000000
vn -0.707107 -0.707107 0.000000
vn -0.707107 -0.707107 0.000000
vn -0.500000 -0.866025 0.000000
vn -0.500000 -0.866025 0.000000
vn -0.500000 -0.866025 0.000000
vn -0.500000 -0.866025 0.000000
vn -0.500000 -0.866025 0.000000
vn 0.500000 0.866025 0.000000
vn 0.500000 0.866025 0.000000
vn 0.500000 0.866025 0.000000
vn 0.500000 0.866025 0.000000
vn 0.500000 0.866025 0.000000
vn 0.707107 0.707107 -0.000000
vn 0.707107 0.707107 -0.000000
vn 0.866025 0.500000 -0.000000
vn 0.866025 0.500000 -0.000000
vn 0.965926 0.258819 -0.000000
vn 0.965926 0.258819 -0.000000
vn 1.000000 0.000000 -0.000000
vn 1.000000 0.000000 -0.000000
vn 0.965926 -0.258819 0.000000
vn 0.965926 -0.258819 0.000000
vn 0.866025 -0.500000 0.000000
vn 0.866025 -0.500000 0.000000
vn 0.707107 -0.707107 0.000000
vn 0.707107 -0.707107 0.000000
vn 0.500000 -0.866025 0.000000
vn 0.500000 -0.866025 0.000000
vn 0.258819 -0.965926 0.000000
vn 0.258819 -0.965926 0.000000
vn 0.000000 -1.000000 0.000000
vn 0.000000 -1.000000 0.000000
vn -0.258819 -0.965926 0.000000
vn -0.258819 -0.965926 0.000000
vn -0.500000 -0.866025 0.000000
vn -0.500000 -0.866025 0.000000
vn -0.500000 -0.866025 0.000000
vn -0.500000 -0.866025 0.000000
vn 1.000000 -0.000000 0.000000
vn 1.000000 -0.000000 0.000000
vn 1.000000 -0.000000 0.000000
vn 1.000000 -0.000000 0.000000
vn -1.000000 0.000000 -0.000000
vn -1.000000 0.000000 -0.000000
vn -1.000000 0.000000 -0.000000
vn -1.000000 0.000000 -0.000000
vn 1.000000 -0.000000 0.000000
vn 1.000000 -0.000000 0.000000
vn 1.000000 -0.000000 0.000000
vn 1.000000 -0.000000 0.000000
vn -0.965926 -0.258819 -0.000000
vn -0.965926 -0.258819 -0.000000
vn -0.866025 -0.500000 -0.000000
vn -0.866025 -0.500000 -0.000000
vn -0.707107 -0.707107 -0.000000
vn -0.707107 -0.707107 -0.000000
vn -0.500000 -0.866025 -0.000000
vn -0.500000 -0.866025 -0.000000
vn -0.258819 -0.965926 -0.000000
vn -0.258819 -0.965926 -0.000000
vn -0.000000 -1.000000 -0.000000
vn -0.000000 -1.000000 -0.000000
vn 0.258819 -0.965926 0.000000
vn 0.258819 -0.965926 0.000000
vn 0.500000 -0.866025 0.000000
vn 0.500000 -0.866025 0.000000
vn 0.707107 -0.707107 0.000000
vn 0.707107 -0.707107 0.000000
vn 0.866025 -0.500000 0.000000
vn 0.866025 -0.500000 0.000000
vn 0.965926 -0.258819 0.000000
vn 0.965926 -0.258819 0.000000
vn -1.000000 0.000000 0.000000
vn -1.000000 0.000000 0.000000
vn -1.000000 0.000000 0.000000
vn -1.000000 0.000000 0.000000
vn 0.965926 0.258819 -0.000000
vn 0.965926 0.258819 -0.000000
vn 0.866025 0.500000 -0.000000
vn 0.866025 0.500000 -0.000000
vn 0.707107 0.707107 -0.000000
vn 0.707107 0.707107 -0.000000
vn 0.500000 0.866025 -0.000000
vn 0.500000 0.866025 -0.000000
vn 0.258819 0.965926 -0.000000
vn 0.258819 0.965926 -0.000000
vn 0.000000 1.000000 -0.000000
vn 0.000000 1.000000 -0.000000
vn -0.258819 0.965926 -0.000000
vn -0.258819 0.965926 -0.000000
vn -0.500000 0.866025 -0.000000
vn -0.500000 0.866025 -0.000000
vn -0.707107 0.707107 -0.000000
vn -0.707107 0.707107 -0.000000
vn -0.866025 0.500000 -0.000000
vn -0.866025 0.500000 -0.000000
vn -0.965926 0.258819 -0.000000
vn -0.965926 0.258819 -0.000000
vn 0.000000 0.000000 1.000000
vn 0.000000 0.000000 1.000000
vn 0.000000 0.000000 1.000000
vn 0.000000 0.000000 1.000000
vn 0.000000 0.000000 1.000000
vn 0.000000 0.000000 1.000000
vn 0.000000 0.000000 1.000000
vn 0.000000 0.000000 1.000000
vn 0.000000 0.000000 1.000000
vn 0.000000 0.000000 1.000000
vn 0.000000 0.000000 1.000000
vn 0.000000 0.000000 1.000000
vn 0.000000 0.000000 1.000000
vn 0.000000 0.000000 1.000000
vn 0.000000 0.000000 1.000000
vn 0.000000 0.000000 1.000000
vn 0.000000 0.000000 1.000000
vn 0.000000 0.000000 1.000000
vn 0.000000 0.000000 1.000000
vn 0.000000 0.000000 1.000000
vn 0.000000 0.000000 1.000000
vn 0.000000 0.000000 1.000000
vn 0.000000 0.000000 1.000000
vn 0.000000 0.000000 1.000000
vn 0.000000 0.000000 1.000000
vn 0.000000 0.000000 1.000000
vn 0.000000 0.000000 1.000000
vn 0.000000 0.000000 1.000000
vn -1.000000 0.000000 0.000000
vn -0.993902 -0.110269 0.000000
vn -1.000000 0.000000 0.000000
vn -0.990092 -0.140420 0.000000
vn -0.984720 -0.174146 0.000000
vn -0.970380 -0.241583 0.000000
vn -0.961582 -0.274519 0.000000
vn -0.950462 -0.310839 0.000000
vn -0.919191 -0.393812 0.000000
vn -0.924944 -0.380103 0.000000
vn -0.861440 -0.507860 0.000000
vn -0.780215 -0.625511 0.000000
vn -0.800647 -0.599136 0.000000
vn -0.866025 -0.500000 0.000000
vn -0.718531 -0.695495 0.000000
vn -0.733499 -0.679690 0.000000
vn -0.684796 -0.728735 0.000000
vn -0.616653 -0.787235 0.000000
vn -0.635390 -0.772192 0.000000
vn -0.586970 -0.809609 0.000000
vn 0.543531 0.839389 -0.000000
vn 0.616922 0.787024 -0.000000
vn 0.591509 0.806298 -0.000000
vn 0.641525 0.767102 -0.000000
vn 0.692281 0.721628 -0.000000
vn 0.718240 0.695795 -0.000000
vn 0.742398 0.669959 -0.000000
vn 0.800645 0.599139 -0.000000
vn 0.790183 0.612871 -0.000000
vn 0.869740 0.493510 -0.000000
vn 0.931920 0.362665 -0.000000
vn 0.919587 0.392886 -0.000000
vn 0.865774 0.500435 -0.000000
vn 0.961809 0.273721 -0.000000
vn 0.955606 0.294647 -0.000000
vn 0.973724 0.227730 -0.000000
vn 0.990055 0.140678 -0.000000
vn 0.986480 0.163879 -0.000000
vn 0.994567 0.104103 -0.000000
vn 0.998786 0.049251 -0.000000
vn 1.000000 -0.000000 0.000000
vn 1.000000 -0.000000 0.000000
vn -1.000000 0.000000 0.000000
vn -1.000000 0.000000 0.000000
vn -1.000000 0.000000 0.000000
vn -0.965926 -0.258819 0.000000
vn -0.965926 -0.258819 0.000000
vn -0.866025 -0.500000 0.000000
vn -0.866025 -0.500000 0.000000
vn -0.707107 -0.707107 0.000000
vn -0.707107 -0.707107 0.000000
vn -0.500000 -0.866025 0.000000
vn -0.500000 -0.866025 0.000000
vn -0.258819 -0.965926 0.000000
vn -0.258819 -0.965926 0.000000
vn -0.000000 -1.000000 0.000000
vn -0.000000 -1.000000 0.000000
vn 0.258819 -0.965926 -0.000000
vn 0.258819 -0.965926 -0.000000
vn 0.500000 -0.866025 -0.000000
vn 0.500000 -0.866025 -0.000000
vn 0.707107 -0.707107 -0.000000
vn 0.707107 -0.707107 -0.000000
vn 0.866025 -0.500000 -0.000000
vn 0.866025 -0.500000 -0.000000
vn 0.965926 -0.258819 -0.000000
vn 0.965926 -0.258819 -0.000000
vn 1.000000 -0.000000 -0.000000
vn 1.000000 -0.000000 -0.000000
vn 1.000000 -0.000000 0.000000
vn 1.000000 -0.000000 0.000000
vn 1.000000 -0.000000 0.000000
vn 1.000000 -0.000000 0.000000
vn 1.000000 -0.000000 0.000000
vn 1.000000 -0.000000 0.000000
vn 1.000000 -0.000000 0.000000
vn 1.000000 -0.000000 0.000000
vn -0.965926 0.258819 0.000000
vn -0.965926 0.258819 0.000000
vn -0.866025 0.500000 0.000000
vn -0.866025 0.500000 0.000000
vn -0.707107 0.707107 0.000000
vn -0.707107 0.707107 0.000000
vn -0.500000 0.866025 0.000000
vn -0.500000 0.866025 0.000000
vn -0.258819 0.965926 0.000000
vn -0.258819 0.965926 0.000000
vn 0.000000 1.000000 -0.000000
vn 0.000000 1.000000 -0.000000
vn 0.258819 0.965926 -0.000000
vn 0.258819 0.965926 -0.000000
vn 0.500000 0.866025 -0.000000
vn 0.500000 0.866025 -0.000000
vn 0.707107 0.707107 -0.000000
vn 0.707107 0.707107 -0.000000
vn 0.866025 0.500000 -0.000000
vn 0.866025 0.500000 -0.000000
vn 0.965926 0.258819 -0.000000
vn 0.965926 0.258819 -0.000000
vn 1.000000 -0.000000 0.000000
vn 1.000000 -0.000000 0.000000
vn 1.000000 -0.000000 0.000000
vn -0.000000 -0.000000 -1.000000
vn -0.000000 -0.000000 -1.000000
vn -0.000000 -0.000000 -1.000000
vn -0.000000 -0.000000 -1.000000
vn -0.000000 -0.000000 -1.000000
vn -0.000000 -0.000000 -1.000000
vn -0.000000 -0.000000 -1.000000
vn -0.000000 -0.000000 -1.000000
vn -0.000000 -0.000000 -1.000000
vn -0.000000 -0.000000 -1.000000
vn -0.000000 -0.000000 -1.000000
vn -0.000000 -0.000000 -1.000000
vn -0.000000 -0.000000 -1.000000
vn -0.000000 -0.000000 -1.000000
vn -0.000000 -0.000000 -1.000000
vn -0.000000 -0.000000 -1.000000
vn -0.000000 -0.000000 -1.000000
vn -0.000000 -0.000000 -1.000000
vn -0.000000 -0.000000 -1.000000
vn -0.000000 -0.000000 -1.000000
vn -0.000000 -0.000000 -1.000000
vn -0.000000 -0.000000 -1.000000
vn -0.000000 -0.000000 -1.000000
vn -0.000000 -0.000000 -1.000000
vn -0.000000 -0.000000 -1.000000
vn -0.000000 -0.000000 -1.000000
vn -0.000000 -0.000000 -1.000000
vn -0.000000 -0.000000 -1.000000
vn -0.000000 -0.000000 -1.000000
vn -0.000000 -0.000000 -1.000000
vn -0.000000 -0.000000 -1.000000
vn -0.000000 -0.000000 -1.000000
vn -0.000000 -0.000000 -1.000000
vn -0.000000 -0.000000 -1.000000
vn -0.000000 -0.000000 -1.000000
vn -0.000000 -0.000000 -1.000000
vn -0.000000 -0.000000 -1.000000
vn -0.000000 -0.000000 -1.000000
vn -0.000000 -0.000000 -1.000000
vn -0.000000 -0.000000 -1.000000
vn -0.000000 -0.000000 -1.000000
vn -0.000000 -0.000000 -1.000000
vn -0.000000 -0.000000 -1.000000
vn -0.000000 -0.000000 -1.000000
vn -0.000000 -0.000000 -1.000000
vn -0.000000 -0.000000 -1.000000
vn -0.000000 -0.000000 -1.000000
vn -0.000000 -0.000000 -1.000000
vn -0.000000 -0.000000 -1.000000
vn -0.000000 -0.000000 -1.000000
vn -0.000000 -0.000000 -1.000000
vn -0.000000 -0.000000 -1.000000
vn -0.000000 -0.000000 -1.000000
vn -0.000000 -0.000000 -1.000000
vn -0.000000 -0.000000 -1.000000
vn -0.000000 -0.000000 -1.000000
vn -0.000000 -0.000000 -1.000000
vn -0.000000 -0.000000 -1.000000
vn -0.000000 -0.000000 -1.000000
vn -0.000000 -0.000000 -1.000000
vn -0.000000 -0.000000 -1.000000
vn -0.000000 -0.000000 -1.000000
vn -0.000000 -0.000000 -1.000000
vn -0.000000 -0.000000 -1.000000
vn -0.000000 -0.000000 -1.000000
vn -0.000000 -0.000000 -1.000000
vn -0.000000 -0.000000 -1.000000
vn -0.000000 -0.000000 -1.000000
vn -0.000000 -0.000000 -1.000000
vn -0.000000 -0.000000 -1.000000
vn -0.000000 -0.000000 -1.000000
vn -0.000000 -0.000000 -1.000000
vn -0.000000 -0.000000 -1.000000
vn -0.000000 -0.000000 -1.000000
vn -0.000000 -0.000000 -1.000000
vn -0.000000 -0.000000 -1.000000
vn -0.000000 -0.000000 -1.000000
vn -0.000000 -0.000000 -1.000000
vn -0.000000 -0.000000 -1.000000
vn -0.000000 -0.000000 -1.000000
vn -0.000000 -0.000000 -1.000000
vn -0.000000 -0.000000 -1.000000
vn -0.000000 -0.000000 -1.000000
vn -0.000000 -0.000000 -1.000000
vn -0.000000 -0.000000 -1.000000
vn -0.000000 -0.000000 -1.000000
vn -0.000000 -0.000000 -1.000000
vn -0.000000 -0.000000 -1.000000
vn -0.000000 -0.000000 -1.000000
vn -0.000000 -0.000000 -1.000000
vn -0.000000 -0.000000 -1.000000
vn -0.000000 -0.000000 -1.000000
vn -0.000000 -0.000000 -1.000000
vn -0.000000 -0.000000 -1.000000
vn -0.000000 -0.000000 -1.000000
vn -0.000000 -0.000000 -1.000000
vn -0.000000 -0.000000 -1.000000
vn -0.000000 -0.000000 -1.000000
vn -0.000000 -0.000000 -1.000000
vn -0.000000 -0.000000 -1.000000
vn -0.000000 -0.000000 -1.000000
vn -0.000000 -0.000000 -1.000000
vn -0.000000 -0.000000 -1.000000
vn -0.000000 -0.000000 -1.000000
vn -0.000000 -0.000000 -1.000000
vn -0.000000 -0.000000 -1.000000
vn -0.000000 -0.000000 -1.000000
vn -0.000000 -0.000000 -1.000000
vn -0.000000 -0.000000 -1.000000
vn -0.000000 -0.000000 -1.000000
vn -0.000000 -0.000000 -1.000000
vn -0.000000 -0.000000 -1.000000
vn -0.000000 -0.000000 -1.000000
vn -0.000000 -0.000000 -1.000000
vn -0.000000 -0.000000 -1.000000
vn -0.000000 -0.000000 -1.000000
vn -0.000000 -0.000000 -1.000000
vn -0.000000 -0.000000 -1.000000
vn -0.000000 -0.000000 -1.000000
vn -0.000000 -0.000000 -1.000000
vn -0.000000 -0.000000 -1.000000
vn -0.000000 -0.000000 -1.000000
vn -0.000000 -0.000000 -1.000000
vn -0.000000 -0.000000 -1.000000
vn -0.000000 -0.000000 -1.000000
vn -0.000000 -0.000000 -1.000000
vn -0.000000 -0.000000 -1.000000
vn -0.000000 -0.000000 -1.000000
vn -0.000000 -0.000000 -1.000000
vn -0.000000 -0.000000 -1.000000
vn -0.000000 -0.000000 -1.000000
vn -0.000000 -0.000000 -1.000000
vn -0.000000 -0.000000 -1.000000
vn -0.000000 -0.000000 -1.000000
vn -0.000000 -0.000000 -1.000000
vn -0.000000 -0.000000 -1.000000
vn -0.000000 -0.000000 -1.000000
vn -0.000000 -0.000000 -1.000000
vn -0.000000 -0.000000 -1.000000
vn -0.000000 -0.000000 -1.000000
vn -0.000000 -0.000000 -1.000000
vn -0.000000 -0.000000 -1.000000
vn -0.000000 -0.000000 -1.000000
vn -0.000000 -0.000000 -1.000000
vn -0.000000 -0.000000 -1.000000
vn -0.000000 -0.000000 -1.000000
vn -0.000000 -0.000000 -1.000000
vn -0.000000 -0.000000 -1.000000
vn -0.000000 -0.000000 -1.000000
vn 0.000000 1.000000 0.000000
vn 0.000000 1.000000 0.000000
vn 0.000000 1.000000 0.000000
vn 0.000000 1.000000 0.000000
vn -0.000000 -0.000000 -1.000000
vn -0.000000 -0.000000 -1.000000
vn -0.000000 -0.000000 -1.000000
vn -0.000000 -0.000000 -1.000000
vn -0.000000 -0.000000 -1.000000
vn -0.000000 -0.000000 -1.000000
vn -0.000000 -0.000000 -1.000000
vn -0.000000 -0.000000 -1.000000
vn -0.000000 -0.000000 -1.000000
vn -0.000000 -0.000000 -1.000000
vn -0.000000 -0.000000 -1.000000
vn -0.000000 -0.000000 -1.000000
vn -0.000000 -0.000000 -1.000000
vn -0.000000 -0.000000 -1.000000
vn -0.000000 -0.000000 -1.000000
vn -0.000000 -0.000000 -1.000000
vn -0.000000 -0.000000 -1.000000
vn -0.000000 -0.000000 -1.000000
vn -0.000000 -0.000000 -1.000000
vn -0.000000 -0.000000 -1.000000
vn -0.000000 -0.000000 -1.000000
vn -0.000000 -0.000000 -1.000000
vn -0.000000 -0.000000 -1.000000
vn -0.000000 -0.000000 -1.000000
vn -0.000000 -0.000000 -1.000000
vn -0.000000 -0.000000 -1.000000
vn -0.000000 -0.000000 -1.000000
vn -0.000000 -0.000000 -1.000000
vn 0.993902 -0.110269 0.000000
vn 0.990092 -0.140420 0.000000
vn 0.984720 -0.174146 0.000000
vn 0.970380 -0.241583 0.000000
vn 0.961582 -0.274519 0.000000
vn 0.950462 -0.310839 0.000000
vn 0.919191 -0.393812 0.000000
vn 0.924944 -0.380103 0.000000
vn 0.861440 -0.507860 0.000000
vn 0.780215 -0.625511 0.000000
vn 0.800647 -0.599136 0.000000
vn 0.866025 -0.500000 0.000000
vn 0.718531 -0.695495 0.000000
vn 0.733499 -0.679690 0.000000
vn 0.684796 -0.728735 0.000000
vn 0.616653 -0.787235 0.000000
vn 0.635390 -0.772192 0.000000
vn 0.586970 -0.809609 0.000000
vn 0.500000 -0.866025 0.000000
vn 0.500000 -0.866025 0.000000
vn -0.544226 0.838938 0.000000
vn -0.616858 0.787074 0.000000
vn -0.591680 0.806173 0.000000
vn -0.641307 0.767284 0.000000
vn -0.691921 0.721974 0.000000
vn -0.717954 0.696091 0.000000
vn -0.742241 0.670133 0.000000
vn -0.800043 0.599943 0.000000
vn -0.789691 0.613504 0.000000
vn -0.870234 0.492639 0.000000
vn -0.931759 0.363079 0.000000
vn -0.919192 0.393809 0.000000
vn -0.866276 0.499565 0.000000
vn -0.961696 0.274117 0.000000
vn -0.955509 0.294963 0.000000
vn -0.973612 0.228210 0.000000
vn -0.990044 0.140758 0.000000
vn -0.986442 0.164111 0.000000
vn -0.994594 0.103841 0.000000
vn -0.998828 0.048393 0.000000
vn 0.500000 -0.866025 0.000000
vn 0.500000 -0.866025 0.000000
vn 0.258819 -0.965926 0.000000
vn 0.258819 -0.965926 0.000000
vn 0.000000 -1.000000 0.000000
vn 0.000000 -1.000000 0.000000
vn -0.258819 -0.965926 0.000000
vn -0.258819 -0.965926 0.000000
vn -0.500000 -0.866025 0.000000
vn -0.500000 -0.866025 0.000000
vn -0.707107 -0.707107 0.000000
vn -0.707107 -0.707107 0.000000
vn -0.866025 -0.500000 0.000000
vn -0.866025 -0.500000 0.000000
vn -0.965926 -0.258819 0.000000
vn -0.965926 -0.258819 0.000000
vn -1.000000 0.000000 0.000000
vn -1.000000 0.000000 0.000000
vn -0.965926 0.258819 0.000000
vn -0.965926 0.258819 0.000000
vn -0.866025 0.500000 0.000000
vn -0.866025 0.500000 0.000000
vn -0.707107 0.707107 0.000000
vn -0.707107 0.707107 0.000000
vn 0.500000 -0.866025 0.000000
vn 0.500000 -0.866025 0.000000
vn 0.500000 -0.866025 0.000000
vn 0.500000 -0.866025 0.000000
vn 0.500000 -0.866025 0.000000
vn 0.500000 -0.866025 0.000000
vn 0.500000 -0.866025 0.000000
vn 0.500000 -0.866025 0.000000
vn 0.500000 -0.866025 0.000000
vn 0.500000 -0.866025 0.000000
vn -0.500000 0.866025 0.000000
vn -0.500000 0.866025 0.000000
vn -0.500000 0.866025 0.000000
vn -0.500000 0.866025 0.000000
vn 0.707107 -0.707107 -0.000000
vn 0.707107 -0.707107 -0.000000
vn 0.866025 -0.500000 -0.000000
vn 0.866025 -0.500000 -0.000000
vn 0.965926 -0.258819 -0.000000
vn 0.965926 -0.258819 -0.000000
vn 1.000000 0.000000 -0.000000
vn 1.000000 0.000000 -0.000000
vn 0.965926 0.258819 -0.000000
vn 0.965926 0.258819 -0.000000
vn 0.866025 0.500000 -0.000000
vn 0.866025 0.500000 -0.000000
vn 0.707107 0.707107 -0.000000
vn 0.707107 0.707107 -0.000000
vn 0.500000 0.866025 -0.000000
vn 0.500000 0.866025 -0.000000
vn 0.258819 0.965926 -0.000000
vn 0.258819 0.965926 -0.000000
vn 0.000000 1.000000 -0.000000
vn 0.000000 1.000000 -0.000000
vn -0.258819 0.965926 -0.000000
vn -0.258819 0.965926 -0.000000
vn -0.378985 0.925403 0.000000
vn -0.378985 0.925403 0.000000
vn -0.197215 0.980360 0.000000
vn -0.197215 0.980360 0.000000
vn 0.054807 0.998497 -0.000000
vn 0.054807 0.998497 -0.000000
vn 0.199397 0.979919 -0.000000
vn 0.199397 0.979919 -0.000000
vn 0.344952 0.938620 -0.000000
vn 0.344952 0.938620 -0.000000
vn 0.480859 0.876798 -0.000000
vn 0.480859 0.876798 -0.000000
vn 0.598878 0.800840 -0.000000
vn 0.598878 0.800840 -0.000000
vn 0.770596 0.637325 -0.000000
vn 0.770596 0.637325 -0.000000
vn 0.870439 0.492276 -0.000000
vn 0.870439 0.492276 -0.000000
vn 0.925757 0.378119 -0.000000
vn 0.925757 0.378119 -0.000000
vn 0.974348 0.225046 -0.000000
vn 0.974348 0.225046 -0.000000
vn 0.991413 0.130771 -0.000000
vn 0.991413 0.130771 -0.000000
vn 0.998077 0.061979 -0.000000
vn 0.998077 0.061979 -0.000000
vn -0.998077 0.061979 0.000000
vn -0.998077 0.061979 0.000000
vn -0.991413 0.130771 0.000000
vn -0.991413 0.130771 0.000000
vn -0.974348 0.225046 0.000000
vn -0.974348 0.225046 0.000000
vn -0.925757 0.378119 0.000000
vn -0.925757 0.378119 0.000000
vn -0.870439 0.492276 0.000000
vn -0.870439 0.492276 0.000000
vn -0.770596 0.637325 0.000000
vn -0.770596 0.637325 0.000000
vn -0.598878 0.800840 0.000000
vn -0.598878 0.800840 0.000000
vn -0.480859 0.876798 0.000000
vn -0.480859 0.876798 0.000000
vn -0.344952 0.938620 0.000000
vn -0.344952 0.938620 0.000000
vn -0.199397 0.979919 0.000000
vn -0.199397 0.979919 0.000000
vn -0.054807 0.998497 0.000000
vn -0.054807 0.998497 0.000000
vn 0.197215 0.980360 -0.000000
vn 0.197215 0.980360 -0.000000
vn 0.378985 0.925403 -0.000000
vn 0.378985 0.925403 -0.000000
vn 0.995632 -0.093368 -0.000000
vn 0.995632 -0.093368 -0.000000
vn 0.975738 -0.218942 -0.000000
vn 0.975738 -0.218942 -0.000000
vn 0.947896 -0.318581 -0.000000
vn 0.947896 -0.318581 -0.000000
vn 0.881680 -0.471847 -0.000000
vn 0.881680 -0.471847 -0.000000
vn 0.821321 -0.570466 -0.000000
vn 0.821321 -0.570466 -0.000000
vn 0.727452 -0.686159 -0.000000
vn 0.727452 -0.686159 -0.000000
vn 0.590561 -0.806993 -0.000000
vn 0.590561 -0.806993 -0.000000
vn 0.408584 -0.912721 -0.000000
vn 0.408584 -0.912721 -0.000000
vn -0.408584 -0.912721 -0.000000
vn -0.590459 -0.807068 -0.000000
vn -0.408584 -0.912721 -0.000000
vn -0.590459 -0.807068 -0.000000
vn -0.726859 -0.686787 -0.000000
vn -0.726859 -0.686787 -0.000000
vn -0.820386 -0.571810 -0.000000
vn -0.820386 -0.571810 -0.000000
vn -0.883096 -0.469192 -0.000000
vn -0.883096 -0.469192 -0.000000
vn -0.946963 -0.321342 -0.000000
vn -0.946963 -0.321342 -0.000000
vn -0.976089 -0.217373 -0.000000
vn -0.976089 -0.217373 -0.000000
vn -0.995676 -0.092899 -0.000000
vn -0.995676 -0.092899 -0.000000
vn -0.373122 -0.927782 0.000000
vn -0.373122 -0.927782 0.000000
vn -0.243456 -0.969912 0.000000
vn -0.243456 -0.969912 0.000000
vn -0.118547 -0.992948 0.000000
vn -0.118547 -0.992948 0.000000
vn -0.000502 -1.000000 0.000000
vn -0.000502 -1.000000 0.000000
vn 0.119545 -0.992829 0.000000
vn 0.119545 -0.992829 0.000000
vn 0.243856 -0.969812 0.000000
vn 0.243856 -0.969812 0.000000
vn 0.373197 -0.927752 0.000000
vn 0.373197 -0.927752 0.000000
vn -0.241196 0.970477 0.000000
vn -0.117790 0.993039 0.000000
vn -0.241196 0.970477 0.000000
vn -0.117670 0.993053 0.000000
vn -0.000075 1.000000 0.000000
vn -0.000000 1.000000 0.000000
vn 0.117670 0.993053 -0.000000
vn 0.117780 0.993040 -0.000000
vn 0.241196 0.970477 -0.000000
vn 0.241196 0.970477 -0.000000
vn 0.000000 0.000000 1.000000
vn 0.000000 0.000000 1.000000
vn 0.000000 0.000000 1.000000
vn 0.000000 0.000000 1.000000
vn 0.000000 0.000000 1.000000
vn 0.000000 0.000000 1.000000
vn 0.000000 0.000000 1.000000
vn 0.000000 0.000000 1.000000
vn 0.000000 0.000000 1.000000
vn 0.000000 0.000000 1.000000
vn 0.000000 0.000000 1.000000
vn 0.000000 0.000000 1.000000
vn 0.000000 0.000000 1.000000
vn 0.000000 0.000000 1.000000
vn 0.000000 0.000000 1.000000
vn 0.000000 0.000000 1.000000
vn 0.000000 0.000000 1.000000
vn 0.000000 0.000000 1.000000
vn 0.000000 0.000000 1.000000
vn 0.000000 0.000000 1.000000
vn 0.000000 0.000000 1.000000
vn 0.000000 0.000000 1.000000
vn 0.000000 0.000000 1.000000
vn 0.000000 0.000000 1.000000
vn 0.000000 0.000000 1.000000
vn 0.000000 0.000000 1.000000
vn 0.000000 0.000000 1.000000
vn 0.000000 0.000000 1.000000
vn 0.000000 0.000000 1.000000
vn 0.000000 0.000000 1.000000
vn 0.000000 0.000000 1.000000
vn 0.000000 0.000000 1.000000
vn 0.000000 0.000000 1.000000
vn 0.000000 0.000000 1.000000
vn 0.000000 0.000000 1.000000
vn 0.000000 0.000000 1.000000
vn 0.000000 0.000000 1.000000
vn 0.000000 0.000000 1.000000
vn 0.000000 0.000000 1.000000
vn 0.000000 0.000000 1.000000
vn 0.000000 0.000000 1.000000
vn 0.000000 0.000000 1.000000
vn 0.000000 0.000000 1.000000
vn 0.000000 0.000000 1.000000
vn 0.000000 0.000000 1.000000
vn 0.000000 0.000000 1.000000
vn 0.000000 0.000000 1.000000
vn 0.000000 0.000000 1.000000
vn 0.000000 0.000000 1.000000
vn 0.000000 0.000000 1.000000
vn 0.000000 0.000000 1.000000
vn 0.000000 0.000000 1.000000
vn 0.000000 0.000000 1.000000
vn 0.000000 0.000000 1.000000
vn 0.000000 0.000000 1.000000
vn 0.000000 0.000000 1.000000
vn 0.000000 0.000000 1.000000
vn 0.000000 0.000000 1.000000
vn 0.000000 0.000000 1.000000
vn 0.000000 0.000000 1.000000
vn 0.000000 0.000000 1.000000
vn 0.000000 0.000000 1.000000
vn 0.000000 0.000000 1.000000
vn 0.000000 0.000000 1.000000
vn 0.000000 0.000000 1.000000
vn 0.000000 0.000000 1.000000
vn 0.000000 0.000000 1.000000
vn 0.000000 0.000000 1.000000
vn 0.000000 0.000000 1.000000
vn 0.000000 0.000000 1.000000
vn 0.000000 0.000000 1.000000
vn 0.000000 0.000000 1.000000
vn 0.000000 0.000000 1.000000
vn 0.000000 0.000000 1.000000
vn 0.000000 0.000000 1.000000
vn 0.000000 0.000000 1.000000
vn 0.000000 0.000000 1.000000
vn 0.000000 0.000000 1.000000
vn 0.000000 0.000000 1.000000
vn 0.000000 0.000000 1.000000
vn 0.000000 0.000000 1.000000
vn 0.000000 0.000000 1.000000
vn 0.000000 0.000000 1.000000
vn 0.000000 0.000000 1.000000
vn 0.000000 0.000000 1.000000
vn 0.000000 0.000000 1.000000
vn 0.000000 0.000000 1.000000
vn 0.000000 0.000000 1.000000
vn 0.000000 0.000000 1.000000
vn 0.000000 0.000000 1.000000
vn 0.000000 0.000000 1.000000
vn 0.000000 0.000000 1.000000
vn 0.000000 0.000000 1.000000
vn 0.000000 0.000000 1.000000
vn 0.000000 0.000000 1.000000
vn 0.000000 0.000000 1.000000
vn 0.000000 0.000000 1.000000
vn 0.000000 0.000000 1.000000
vn 0.000000 0.000000 1.000000
vn 0.000000 0.000000 1.000000
vn 0.000000 0.000000 1.000000
vn 0.000000 0.000000 1.000000
vn 0.000000 0.000000 1.000000
vn 0.000000 0.000000 1.000000
vn 0.000000 0.000000 1.000000
vn 0.000000 0.000000 1.000000
vn 0.000000 0.000000 1.000000
vn 0.000000 0.000000 1.000000
vn 0.000000 0.000000 1.000000
vn 0.000000 0.000000 1.000000
vn 0.000000 0.000000 1.000000
vn 0.000000 0.000000 1.000000
vn 0.000000 0.000000 1.000000
vn 0.000000 0.000000 1.000000
vn 0.000000 0.000000 1.000000
vn 0.000000 0.000000 1.000000
vn 0.000000 0.000000 1.000000
vn 0.000000 0.000000 1.000000
vn 0.000000 0.000000 1.000000
vn 0.000000 0.000000 1.000000
vn 0.000000 0.000000 1.000000
vn 0.000000 0.000000 1.000000
vn 0.000000 0.000000 1.000000
vn 0.000000 0.000000 1.000000
vn 0.000000 0.000000 1.000000
vn 0.000000 0.000000 1.000000
vn 0.000000 0.000000 1.000000
vn 0.000000 0.000000 1.000000
vn 0.000000 0.000000 1.000000
vn 0.000000 0.000000 1.000000
vn 0.000000 0.000000 1.000000
vn 0.000000 0.000000 1.000000
vn 0.000000 0.000000 1.000000
vn 0.000000 0.000000 1.000000
vn 0.000000 0.000000 1.000000
vn 0.000000 0.000000 1.000000
vn 0.000000 0.000000 1.000000
vn 0.000000 0.000000 1.000000
vn 0.000000 0.000000 1.000000
vn 0.000000 0.000000 1.000000
vn 0.000000 0.000000 1.000000
vn 0.000000 0.000000 1.000000
vn 0.000000 0.000000 1.000000
vn 0.000000 0.000000 1.000000
vn 0.000000 0.000000 1.000000
vn 0.000000 0.000000 1.000000
vn 0.000000 0.000000 1.000000
vn 0.000000 0.000000 1.000000
vn 0.000000 0.000000 1.000000
vn 0.000000 0.000000 1.000000
vn 0.000000 0.000000 1.000000
vn 0.000000 0.000000 1.000000
vn 0.000000 0.000000 1.000000
vn 0.000000 0.000000 1.000000
vn 0.000000 0.000000 1.000000
vn 0.000000 0.000000 1.000000
vn 0.000000 0.000000 1.000000
vn 0.000000 0.000000 1.000000
vn 0.000000 0.000000 1.000000
vn 0.000000 0.000000 1.000000
vn 0.000000 0.000000 1.000000
vn 0.000000 0.000000 1.000000
vn 0.000000 0.000000 1.000000
vn 0.000000 0.000000 1.000000
vn 0.000000 0.000000 1.000000
vn 0.000000 0.000000 1.000000
vn 0.000000 0.000000 1.000000
vn 0.000000 0.000000 1.000000
vn 0.000000 0.000000 1.000000
vn 0.000000 0.000000 1.000000
vn 0.000000 0.000000 1.000000
vn 0.000000 0.000000 1.000000
vn 0.000000 0.000000 1.000000
vn 0.000000 0.000000 1.000000
vn 0.000000 0.000000 1.000000
vn 0.000000 0.000000 1.000000
vn 0.000000 0.000000 1.000000
vn 0.000000 0.000000 1.000000
vn 0.000000 0.000000 1.000000
vn 0.000000 0.000000 1.000000
vn 0.000000 0.000000 1.000000
vn 0.000000 0.000000 1.000000
vn 0.000000 0.000000 1.000000
vn 0.000000 0.000000 1.000000
vn 0.000000 0.000000 1.000000
vn 0.000000 0.000000 1.000000
vn 0.000000 0.000000 1.000000
vn 0.000000 0.000000 1.000000
vn 0.000000 0.000000 1.000000
vn 0.000000 0.000000 1.000000
vn 0.000000 0.000000 1.000000
vn 0.000000 0.000000 1.000000
vn 0.000000 0.000000 1.000000
vn 0.000000 0.000000 1.000000
vn 0.000000 0.000000 1.000000
vn 0.000000 0.000000 1.000000
vn 0.000000 0.000000 1.000000
vn 0.000000 0.000000 1.000000
vn 0.000000 0.000000 1.000000
vn 0.000000 0.000000 1.000000
vn 0.000000 0.000000 1.000000
vn 0.000000 0.000000 1.000000
vn 0.000000 0.000000 1.000000
vn 0.000000 0.000000 1.000000
vn 0.000000 0.000000 1.000000
vn 0.000000 0.000000 1.000000
vn 0.000000 0.000000 1.000000
vn 0.000000 0.000000 1.000000
vn 0.000000 0.000000 1.000000
vn 0.000000 0.000000 1.000000
vn 0.000000 0.000000 1.000000
vn 0.000000 0.000000 1.000000
vn 0.000000 0.000000 1.000000
vn 0.000000 0.000000 1.000000
vn 0.000000 0.000000 1.000000
vn 0.000000 0.000000 1.000000
vn 0.000000 0.000000 1.000000
vn 0.000000 0.000000 1.000000
vn 0.000000 0.000000 1.000000
vn 0.000000 0.000000 1.000000
vn 0.000000 0.000000 1.000000
usemtl ABS_(White)
f 455/952/888 442/953/889 454/954/890
f 454/954/890 442/953/889 443/955/891
f 454/954/890 443/955/891 453/956/892
f 453/956/892 443/955/891 444/957/893
f 453/956/892 444/957/893 452/958/894
f 452/958/894 444/957/893 445/959/895
f 452/958/894 445/959/895 451/960/896
f 451/960/896 445/959/895 446/961/897
f 451/960/896 446/961/897 450/962/898
f 450/962/898 446/961/897 447/963/899
f 450/962/898 447/963/899 449/964/900
f 449/964/900 447/963/899 448/965/901
f 454/966/902 453/967/903 455/968/904
f 455/968/904 453/967/903 452/969/905
f 455/968/904 452/969/905 451/970/906
f 451/970/906 450/971/907 455/968/904
f 455/968/904 450/971/907 458/972/908
f 458/972/908 450/971/907 449/973/909
f 458/972/908 449/973/909 457/974/910
f 457/974/910 449/973/909 456/975/911
f 472/976/912 459/977/913 471/978/914
f 471/978/914 459/977/913 460/979/915
f 471/978/914 460/979/915 470/980/916
f 470/980/916 460/979/915 461/981/917
f 470/980/916 461/981/917 469/982/918
f 469/982/918 461/981/917 462/983/919
f 469/982/918 462/983/919 468/984/920
f 468/984/920 462/983/919 463/985/921
f 468/984/920 463/985/921 467/986/922
f 467/986/922 463/985/921 464/987/923
f 467/986/922 464/987/923 466/988/924
f 466/988/924 464/987/923 465/989/925
f 471/990/926 473/991/927 472/992/928
f 472/992/928 473/991/927 474/993/929
f 472/992/928 474/993/929 475/994/930
f 473/991/927 471/990/926 466/995/931
f 466/995/931 471/990/926 470/996/932
f 466/995/931 470/996/932 469/997/933
f 469/997/933 468/998/934 466/995/931
f 466/995/931 468/998/934 467/999/935
f 477/1000/936 478/1001/937 476/1002/938
f 476/1002/938 478/1001/937 479/1003/939
f 480/1004/940 481/1005/941 483/1006/942
f 483/1006/942 481/1005/941 482/1007/943
f 482/1008/943 481/1009/941 507/1010/944
f 507/1010/944 481/1009/941 484/1011/945
f 507/1010/944 484/1011/945 506/1012/946
f 506/1012/946 484/1011/945 485/1013/947
f 506/1012/946 485/1013/947 505/1014/948
f 505/1014/948 485/1013/947 486/1015/949
f 505/1014/948 486/1015/949 504/1016/950
f 504/1016/950 486/1015/949 487/1017/951
f 504/1016/950 487/1017/951 503/1018/952
f 503/1018/952 487/1017/951 488/1019/953
f 503/1018/952 488/1019/953 502/1020/954
f 502/1020/954 488/1019/953 489/1021/955
f 502/1020/954 489/1021/955 501/1022/956
f 501/1022/956 489/1021/955 490/1023/957
f 501/1022/956 490/1023/957 500/1024/958
f 500/1024/958 490/1023/957 491/1025/959
f 500/1024/958 491/1025/959 499/1026/960
f 499/1026/960 491/1025/959 492/1027/961
f 499/1026/960 492/1027/961 498/1028/962
f 498/1028/962 492/1027/961 493/1029/963
f 498/1028/962 493/1029/963 497/1030/964
f 497/1030/964 493/1029/963 494/1031/965
f 497/1030/964 494/1031/965 496/1032/966
f 496/1032/966 494/1031/965 495/1033/967
f 508/1034/968 476/1035/969 495/1036/967
f 495/1036/967 476/1035/969 496/1037/966
f 496/1037/966 476/1035/969 479/1038/970
f 509/1039/971 510/1040/972 477/1041/973
f 477/1041/973 510/1040/972 511/1042/974
f 477/1041/973 511/1042/974 478/1043/975
f 511/1044/974 510/1045/972 535/1046/976
f 535/1046/976 510/1045/972 512/1047/977
f 535/1046/976 512/1047/977 534/1048/978
f 534/1048/978 512/1047/977 513/1049/979
f 534/1048/978 513/1049/979 533/1050/980
f 533/1050/980 513/1049/979 514/1051/981
f 533/1050/980 514/1051/981 532/1052/982
f 532/1052/982 514/1051/981 515/1053/983
f 532/1052/982 515/1053/983 531/1054/984
f 531/1054/984 515/1053/983 516/1055/985
f 531/1054/984 516/1055/985 530/1056/986
f 530/1056/986 516/1055/985 517/1057/987
f 530/1056/986 517/1057/987 529/1058/988
f 529/1058/988 517/1057/987 518/1059/989
f 529/1058/988 518/1059/989 528/1060/990
f 528/1060/990 518/1059/989 519/1061/991
f 528/1060/990 519/1061/991 527/1062/992
f 527/1062/992 519/1061/991 520/1063/993
f 527/1062/992 520/1063/993 526/1064/994
f 526/1064/994 520/1063/993 521/1065/995
f 526/1064/994 521/1065/995 525/1066/996
f 525/1066/996 521/1065/995 522/1067/997
f 525/1066/996 522/1067/997 524/1068/998
f 524/1068/998 522/1067/997 523/1069/999
f 523/1070/999 536/1071/1000 524/1072/998
f 524/1072/998 536/1071/1000 537/1073/1001
f 538/1074/1002 539/1075/1003 541/1076/1004
f 541/1076/1004 539/1075/1003 540/1077/1005
f 542/1078/1006 543/1079/1007 545/1080/1008
f 545/1080/1008 543/1079/1007 544/1081/1009
f 546/1082/1010 547/1083/1011 549/1084/1012
f 549/1084/1012 547/1083/1011 548/1085/1013
f 544/1086/1009 543/1087/1007 571/1088/1014
f 571/1088/1014 543/1087/1007 550/1089/1015
f 571/1088/1014 550/1089/1015 570/1090/1016
f 570/1090/1016 550/1089/1015 551/1091/1017
f 570/1090/1016 551/1091/1017 569/1092/1018
f 569/1092/1018 551/1091/1017 552/1093/1019
f 569/1092/1018 552/1093/1019 568/1094/1020
f 568/1094/1020 552/1093/1019 553/1095/1021
f 568/1094/1020 553/1095/1021 567/1096/1022
f 567/1096/1022 553/1095/1021 554/1097/1023
f 567/1096/1022 554/1097/1023 566/1098/1024
f 566/1098/1024 554/1097/1023 555/1099/1025
f 566/1098/1024 555/1099/1025 565/1100/1026
f 565/1100/1026 555/1099/1025 556/1101/1027
f 565/1100/1026 556/1101/1027 564/1102/1028
f 564/1102/1028 556/1101/1027 557/1103/1029
f 564/1102/1028 557/1103/1029 563/1104/1030
f 563/1104/1030 557/1103/1029 558/1105/1031
f 563/1104/1030 558/1105/1031 562/1106/1032
f 562/1106/1032 558/1105/1031 559/1107/1033
f 562/1106/1032 559/1107/1033 561/1108/1034
f 561/1108/1034 559/1107/1033 560/1109/1035
f 561/1108/1034 560/1109/1035 547/1110/1011
f 547/1110/1011 560/1109/1035 548/1111/1013
f 572/1112/1036 573/1113/1037 575/1114/1038
f 575/1114/1038 573/1113/1037 574/1115/1039
f 540/1116/1005 539/1117/1003 597/1118/1040
f 597/1118/1040 539/1117/1003 576/1119/1041
f 597/1118/1040 576/1119/1041 596/1120/1042
f 596/1120/1042 576/1119/1041 577/1121/1043
f 596/1120/1042 577/1121/1043 595/1122/1044
f 595/1122/1044 577/1121/1043 578/1123/1045
f 595/1122/1044 578/1123/1045 594/1124/1046
f 594/1124/1046 578/1123/1045 579/1125/1047
f 594/1124/1046 579/1125/1047 593/1126/1048
f 593/1126/1048 579/1125/1047 580/1127/1049
f 593/1126/1048 580/1127/1049 592/1128/1050
f 592/1128/1050 580/1127/1049 581/1129/1051
f 592/1128/1050 581/1129/1051 591/1130/1052
f 591/1130/1052 581/1129/1051 582/1131/1053
f 591/1130/1052 582/1131/1053 590/1132/1054
f 590/1132/1054 582/1131/1053 583/1133/1055
f 590/1132/1054 583/1133/1055 589/1134/1056
f 589/1134/1056 583/1133/1055 584/1135/1057
f 589/1134/1056 584/1135/1057 588/1136/1058
f 588/1136/1058 584/1135/1057 585/1137/1059
f 588/1136/1058 585/1137/1059 587/1138/1060
f 587/1138/1060 585/1137/1059 586/1139/1061
f 587/1138/1060 586/1139/1061 573/1140/1037
f 573/1140/1037 586/1139/1061 574/1141/1039
f 476/1142/1062 598/1143/1063 477/1144/1064
f 477/1144/1064 598/1143/1063 599/1145/1065
f 477/1144/1064 599/1145/1065 623/1146/1066
f 623/1146/1066 599/1145/1065 600/1147/1067
f 623/1146/1066 600/1147/1067 622/1148/1068
f 622/1148/1068 600/1147/1067 601/1149/1069
f 622/1148/1068 601/1149/1069 621/1150/1070
f 621/1150/1070 601/1149/1069 602/1151/1071
f 621/1150/1070 602/1151/1071 620/1152/1072
f 620/1152/1072 602/1151/1071 619/1153/1073
f 619/1153/1073 602/1151/1071 603/1154/1074
f 619/1153/1073 603/1154/1074 618/1155/1075
f 618/1155/1075 603/1154/1074 617/1156/1076
f 617/1156/1076 603/1154/1074 616/1157/1077
f 616/1157/1077 603/1154/1074 615/1158/1078
f 615/1158/1078 603/1154/1074 604/1159/1079
f 615/1158/1078 604/1159/1079 614/1160/1080
f 614/1160/1080 604/1159/1079 605/1161/1081
f 614/1160/1080 605/1161/1081 613/1162/1082
f 613/1162/1082 605/1161/1081 606/1163/1083
f 613/1162/1082 606/1163/1083 612/1164/1084
f 612/1164/1084 606/1163/1083 607/1165/1085
f 612/1164/1084 607/1165/1085 611/1166/1086
f 611/1166/1086 607/1165/1085 608/1167/1087
f 611/1166/1086 608/1167/1087 610/1168/1088
f 610/1168/1088 608/1167/1087 609/1169/1089
f 609/1170/1090 608/1171/1091 631/1172/1092
f 631/1172/1092 608/1171/1091 630/1173/1093
f 630/1173/1093 608/1171/1091 607/1174/1094
f 630/1173/1093 607/1174/1094 606/1175/1095
f 630/1173/1093 606/1175/1095 629/1176/1096
f 629/1176/1096 606/1175/1095 605/1177/1097
f 629/1176/1096 605/1177/1097 628/1178/1098
f 628/1178/1098 605/1177/1097 604/1179/1099
f 628/1178/1098 604/1179/1099 603/1180/1100
f 602/1181/1101 626/1182/1102 603/1180/1100
f 603/1180/1100 626/1182/1102 627/1183/1103
f 603/1180/1100 627/1183/1103 628/1178/1098
f 626/1182/1102 602/1181/1101 625/1184/1104
f 625/1184/1104 602/1181/1101 601/1185/1105
f 625/1184/1104 601/1185/1105 600/1186/1106
f 625/1184/1104 600/1186/1106 624/1187/1107
f 624/1187/1107 600/1186/1106 599/1188/1108
f 624/1187/1107 599/1188/1108 598/1189/1109
f 476/1190/969 508/1191/968 598/1189/1109
f 598/1189/1109 508/1191/968 624/1187/1107
f 477/1192/973 623/1193/1110 509/1194/971
f 509/1194/971 623/1193/1110 639/1195/1111
f 639/1195/1111 623/1193/1110 622/1196/1112
f 639/1195/1111 622/1196/1112 621/1197/1113
f 621/1197/1113 620/1198/1114 639/1195/1111
f 639/1195/1111 620/1198/1114 638/1199/1115
f 638/1199/1115 620/1198/1114 619/1200/1116
f 638/1199/1115 619/1200/1116 637/1201/1117
f 637/1201/1117 619/1200/1116 618/1202/1118
f 637/1201/1117 618/1202/1118 617/1203/1119
f 616/1204/1120 635/1205/1121 617/1203/1119
f 617/1203/1119 635/1205/1121 636/1206/1122
f 617/1203/1119 636/1206/1122 637/1201/1117
f 635/1205/1121 616/1204/1120 634/1207/1123
f 634/1207/1123 616/1204/1120 615/1208/1124
f 634/1207/1123 615/1208/1124 614/1209/1125
f 634/1207/1123 614/1209/1125 633/1210/1126
f 633/1210/1126 614/1209/1125 613/1211/1127
f 633/1210/1126 613/1211/1127 612/1212/1128
f 612/1212/1128 611/1213/1129 633/1210/1126
f 633/1210/1126 611/1213/1129 632/1214/1130
f 632/1214/1130 611/1213/1129 610/1215/1131
f 631/1216/1092 640/1217/1132 609/1218/1090
f 609/1218/1090 640/1217/1132 641/1219/1133
f 609/1218/1090 641/1219/1133 642/1220/1134
f 641/1221/1133 640/1222/1132 666/1223/1135
f 666/1223/1135 640/1222/1132 643/1224/1136
f 666/1223/1135 643/1224/1136 665/1225/1137
f 665/1225/1137 643/1224/1136 644/1226/1138
f 665/1225/1137 644/1226/1138 664/1227/1139
f 664/1227/1139 644/1226/1138 645/1228/1140
f 664/1227/1139 645/1228/1140 663/1229/1141
f 663/1229/1141 645/1228/1140 646/1230/1142
f 663/1229/1141 646/1230/1142 662/1231/1143
f 662/1231/1143 646/1230/1142 647/1232/1144
f 662/1231/1143 647/1232/1144 661/1233/1145
f 661/1233/1145 647/1232/1144 648/1234/1146
f 661/1233/1145 648/1234/1146 660/1235/1147
f 660/1235/1147 648/1234/1146 649/1236/1148
f 660/1235/1147 649/1236/1148 659/1237/1149
f 659/1237/1149 649/1236/1148 650/1238/1150
f 659/1237/1149 650/1238/1150 658/1239/1151
f 658/1239/1151 650/1238/1150 651/1240/1152
f 658/1239/1151 651/1240/1152 657/1241/1153
f 657/1241/1153 651/1240/1152 652/1242/1154
f 657/1241/1153 652/1242/1154 656/1243/1155
f 656/1243/1155 652/1242/1154 653/1244/1156
f 656/1243/1155 653/1244/1156 655/1245/1157
f 655/1245/1157 653/1244/1156 654/1246/1158
f 464/1247/1159 463/1248/1160 465/1249/1161
f 465/1249/1161 463/1248/1160 462/1250/1162
f 465/1249/1161 462/1250/1162 461/1251/1163
f 461/1251/1163 460/1252/1164 465/1249/1161
f 465/1249/1161 460/1252/1164 654/1253/1158
f 654/1253/1158 460/1252/1164 459/1254/1165
f 654/1253/1158 459/1254/1165 655/1255/1157
f 655/1255/1157 459/1254/1165 667/1256/1166
f 474/1257/929 473/1258/927 691/1259/1167
f 691/1259/1167 473/1258/927 668/1260/1168
f 691/1259/1167 668/1260/1168 690/1261/1169
f 690/1261/1169 668/1260/1168 669/1262/1170
f 690/1261/1169 669/1262/1170 689/1263/1171
f 689/1263/1171 669/1262/1170 670/1264/1172
f 689/1263/1171 670/1264/1172 688/1265/1173
f 688/1265/1173 670/1264/1172 671/1266/1174
f 688/1265/1173 671/1266/1174 687/1267/1175
f 687/1267/1175 671/1266/1174 672/1268/1176
f 687/1267/1175 672/1268/1176 686/1269/1177
f 686/1269/1177 672/1268/1176 673/1270/1178
f 686/1269/1177 673/1270/1178 685/1271/1179
f 685/1271/1179 673/1270/1178 674/1272/1180
f 685/1271/1179 674/1272/1180 684/1273/1181
f 684/1273/1181 674/1272/1180 675/1274/1182
f 684/1273/1181 675/1274/1182 683/1275/1183
f 683/1275/1183 675/1274/1182 676/1276/1184
f 683/1275/1183 676/1276/1184 682/1277/1185
f 682/1277/1185 676/1276/1184 677/1278/1186
f 682/1277/1185 677/1278/1186 681/1279/1187
f 681/1279/1187 677/1278/1186 678/1280/1188
f 681/1279/1187 678/1280/1188 680/1281/1189
f 680/1281/1189 678/1280/1188 679/1282/1190
f 632/1283/1130 610/1284/1131 679/1285/1190
f 679/1285/1190 610/1284/1131 680/1286/1189
f 680/1286/1189 610/1284/1131 692/1287/1191
f 442/1288/889 455/1289/888 752/1290/1192
f 752/1290/1192 455/1289/888 458/1291/1193
f 752/1290/1192 458/1291/1193 693/1292/1194
f 752/1290/1192 693/1292/1194 751/1293/1195
f 751/1293/1195 693/1292/1194 694/1294/1196
f 751/1293/1195 694/1294/1196 750/1295/1197
f 750/1295/1197 694/1294/1196 695/1296/1198
f 750/1295/1197 695/1296/1198 749/1297/1199
f 749/1297/1199 695/1296/1198 696/1298/1200
f 749/1297/1199 696/1298/1200 748/1299/1201
f 748/1299/1201 696/1298/1200 697/1300/1202
f 748/1299/1201 697/1300/1202 747/1301/1203
f 747/1301/1203 697/1300/1202 698/1302/1204
f 747/1301/1203 698/1302/1204 746/1303/1205
f 746/1303/1205 698/1302/1204 745/1304/1206
f 745/1304/1206 698/1302/1204 699/1305/1207
f 745/1304/1206 699/1305/1207 744/1306/1208
f 744/1306/1208 699/1305/1207 700/1307/1209
f 744/1306/1208 700/1307/1209 743/1308/1210
f 743/1308/1210 700/1307/1209 701/1309/1211
f 743/1308/1210 701/1309/1211 742/1310/1212
f 742/1310/1212 701/1309/1211 702/1311/1213
f 742/1310/1212 702/1311/1213 741/1312/1214
f 741/1312/1214 702/1311/1213 703/1313/1215
f 741/1312/1214 703/1313/1215 740/1314/1216
f 740/1314/1216 703/1313/1215 704/1315/1217
f 740/1314/1216 704/1315/1217 739/1316/1218
f 739/1316/1218 704/1315/1217 705/1317/1219
f 739/1316/1218 705/1317/1219 738/1318/1220
f 738/1318/1220 705/1317/1219 706/1319/1221
f 738/1318/1220 706/1319/1221 737/1320/1222
f 737/1320/1222 706/1319/1221 736/1321/1223
f 736/1321/1223 706/1319/1221 707/1322/1224
f 736/1321/1223 707/1322/1224 753/1323/1225
f 753/1323/1225 707/1322/1224 708/1324/1226
f 753/1323/1225 708/1324/1226 709/1325/1227
f 710/1326/1228 721/1327/1229 709/1325/1227
f 709/1325/1227 721/1327/1229 722/1328/1230
f 709/1325/1227 722/1328/1230 753/1323/1225
f 753/1323/1225 722/1328/1230 729/1329/1231
f 753/1323/1225 729/1329/1231 730/1330/1232
f 711/1331/1233 719/1332/1234 710/1326/1228
f 710/1326/1228 719/1332/1234 720/1333/1235
f 710/1326/1228 720/1333/1235 721/1327/1229
f 712/1334/1236 715/1335/1237 711/1331/1233
f 711/1331/1233 715/1335/1237 716/1336/1238
f 711/1331/1233 716/1336/1238 717/1337/1239
f 536/1338/1240 713/1339/1241 712/1334/1236
f 712/1334/1236 713/1339/1241 714/1340/1242
f 712/1334/1236 714/1340/1242 715/1335/1237
f 523/1341/1243 481/1342/1244 536/1338/1240
f 536/1338/1240 481/1342/1244 480/1343/1245
f 536/1338/1240 480/1343/1245 713/1339/1241
f 481/1342/1244 523/1341/1243 484/1344/1246
f 484/1344/1246 523/1341/1243 522/1345/1247
f 484/1344/1246 522/1345/1247 485/1346/1248
f 485/1346/1248 522/1345/1247 521/1347/1249
f 485/1346/1248 521/1347/1249 486/1348/1250
f 486/1348/1250 521/1347/1249 520/1349/1251
f 486/1348/1250 520/1349/1251 487/1350/1252
f 487/1350/1252 520/1349/1251 519/1351/1253
f 487/1350/1252 519/1351/1253 518/1352/1254
f 487/1350/1252 518/1352/1254 488/1353/1255
f 488/1353/1255 518/1352/1254 517/1354/1256
f 488/1353/1255 517/1354/1256 489/1355/1257
f 489/1355/1257 517/1354/1256 516/1356/1258
f 489/1355/1257 516/1356/1258 490/1357/1259
f 490/1357/1259 516/1356/1258 515/1358/1260
f 490/1357/1259 515/1358/1260 491/1359/1261
f 491/1359/1261 515/1358/1260 514/1360/1262
f 491/1359/1261 514/1360/1262 492/1361/1263
f 492/1361/1263 514/1360/1262 513/1362/1264
f 492/1361/1263 513/1362/1264 493/1363/1265
f 493/1363/1265 513/1362/1264 494/1364/1266
f 494/1364/1266 513/1362/1264 512/1365/1267
f 494/1364/1266 512/1365/1267 495/1366/1268
f 495/1366/1268 512/1365/1267 510/1367/1269
f 495/1366/1268 510/1367/1269 508/1368/1270
f 508/1368/1270 510/1367/1269 509/1369/1271
f 508/1368/1270 509/1369/1271 624/1370/1272
f 624/1370/1272 509/1369/1271 639/1371/1273
f 624/1370/1272 639/1371/1273 625/1372/1274
f 625/1372/1274 639/1371/1273 638/1373/1275
f 625/1372/1274 638/1373/1275 626/1374/1276
f 626/1374/1276 638/1373/1275 637/1375/1277
f 626/1374/1276 637/1375/1277 627/1376/1278
f 627/1376/1278 637/1375/1277 636/1377/1279
f 627/1376/1278 636/1377/1279 635/1378/1280
f 627/1376/1278 635/1378/1280 628/1379/1281
f 628/1379/1281 635/1378/1280 634/1380/1282
f 628/1379/1281 634/1380/1282 629/1381/1283
f 629/1381/1283 634/1380/1282 633/1382/1284
f 629/1381/1283 633/1382/1284 630/1383/1285
f 630/1383/1285 633/1382/1284 632/1384/1286
f 630/1383/1285 632/1384/1286 631/1385/1287
f 631/1385/1287 632/1384/1286 679/1386/1288
f 631/1385/1287 679/1386/1288 640/1387/1289
f 640/1387/1289 679/1386/1288 678/1388/1290
f 640/1387/1289 678/1388/1290 643/1389/1291
f 643/1389/1291 678/1388/1290 677/1390/1292
f 643/1389/1291 677/1390/1292 644/1391/1293
f 644/1391/1293 677/1390/1292 645/1392/1294
f 645/1392/1294 677/1390/1292 676/1393/1295
f 645/1392/1294 676/1393/1295 646/1394/1296
f 646/1394/1296 676/1393/1295 675/1395/1297
f 646/1394/1296 675/1395/1297 647/1396/1298
f 647/1396/1298 675/1395/1297 674/1397/1299
f 647/1396/1298 674/1397/1299 648/1398/1300
f 648/1398/1300 674/1397/1299 673/1399/1301
f 648/1398/1300 673/1399/1301 649/1400/1302
f 649/1400/1302 673/1399/1301 672/1401/1303
f 649/1400/1302 672/1401/1303 650/1402/1304
f 650/1402/1304 672/1401/1303 671/1403/1305
f 650/1402/1304 671/1403/1305 670/1404/1306
f 650/1402/1304 670/1404/1306 651/1405/1307
f 651/1405/1307 670/1404/1306 669/1406/1308
f 651/1405/1307 669/1406/1308 652/1407/1309
f 652/1407/1309 669/1406/1308 668/1408/1310
f 652/1407/1309 668/1408/1310 653/1409/1311
f 653/1409/1311 668/1408/1310 473/1410/1312
f 653/1409/1311 473/1410/1312 654/1411/1313
f 654/1411/1313 473/1410/1312 466/1412/924
f 654/1411/1313 466/1412/924 465/1413/925
f 717/1337/1239 718/1414/1314 711/1331/1233
f 711/1331/1233 718/1414/1314 719/1332/1234
f 722/1328/1230 723/1415/1315 729/1329/1231
f 729/1329/1231 723/1415/1315 728/1416/1316
f 728/1416/1316 723/1415/1315 724/1417/1317
f 728/1416/1316 724/1417/1317 727/1418/1318
f 727/1418/1318 724/1417/1317 725/1419/1319
f 727/1418/1318 725/1419/1319 726/1420/1320
f 726/1420/1320 725/1419/1319 575/1421/1321
f 726/1420/1320 575/1421/1321 538/1422/1322
f 538/1422/1322 575/1421/1321 574/1423/1323
f 538/1422/1322 574/1423/1323 539/1424/1324
f 539/1424/1324 574/1423/1323 586/1425/1325
f 539/1424/1324 586/1425/1325 585/1426/1326
f 585/1426/1326 584/1427/1327 539/1424/1324
f 539/1424/1324 584/1427/1327 583/1428/1328
f 539/1424/1324 583/1428/1328 582/1429/1329
f 582/1429/1329 581/1430/1330 539/1424/1324
f 539/1424/1324 581/1430/1330 580/1431/1331
f 539/1424/1324 580/1431/1331 579/1432/1332
f 539/1424/1324 579/1432/1332 576/1433/1333
f 576/1433/1333 579/1432/1332 578/1434/1334
f 576/1433/1333 578/1434/1334 577/1435/1335
f 730/1330/1232 731/1436/1336 753/1323/1225
f 753/1323/1225 731/1436/1336 732/1437/1337
f 753/1323/1225 732/1437/1337 733/1438/1338
f 733/1438/1338 734/1439/1339 753/1323/1225
f 753/1323/1225 734/1439/1339 735/1440/1340
f 753/1323/1225 735/1440/1340 736/1321/1223
f 609/1441/1341 642/1442/1342 610/1443/1343
f 610/1443/1343 642/1442/1342 692/1444/1344
f 449/1445/1345 448/1446/1346 777/1447/1347
f 777/1447/1347 448/1446/1346 754/1448/1348
f 777/1447/1347 754/1448/1348 776/1449/1349
f 776/1449/1349 754/1448/1348 775/1450/1350
f 775/1450/1350 754/1448/1348 755/1451/1351
f 775/1450/1350 755/1451/1351 774/1452/1352
f 774/1452/1352 755/1451/1351 756/1453/1353
f 774/1452/1352 756/1453/1353 773/1454/1354
f 773/1454/1354 756/1453/1353 757/1455/1355
f 773/1454/1354 757/1455/1355 772/1456/1356
f 772/1456/1356 757/1455/1355 758/1457/1357
f 772/1456/1356 758/1457/1357 771/1458/1358
f 771/1458/1358 758/1457/1357 759/1459/1359
f 771/1458/1358 759/1459/1359 770/1460/1360
f 770/1460/1360 759/1459/1359 760/1461/1361
f 770/1460/1360 760/1461/1361 769/1462/1362
f 769/1462/1362 760/1461/1361 761/1463/1363
f 769/1462/1362 761/1463/1363 768/1464/1364
f 768/1464/1364 761/1463/1363 762/1465/1365
f 768/1464/1364 762/1465/1365 767/1466/1366
f 767/1466/1366 762/1465/1365 763/1467/1367
f 767/1466/1366 763/1467/1367 766/1468/1368
f 766/1468/1368 763/1467/1367 764/1469/1369
f 766/1468/1368 764/1469/1369 765/1470/1370
f 765/1470/1370 764/1469/1369 459/1471/1371
f 765/1470/1370 459/1471/1371 472/1472/1372
f 459/1473/1165 764/1474/1373 667/1475/1166
f 667/1475/1166 764/1474/1373 785/1476/1374
f 785/1476/1374 764/1474/1373 763/1477/1375
f 785/1476/1374 763/1477/1375 762/1478/1376
f 785/1476/1374 762/1478/1376 784/1479/1377
f 784/1479/1377 762/1478/1376 761/1480/1378
f 784/1479/1377 761/1480/1378 783/1481/1379
f 783/1481/1379 761/1480/1378 760/1482/1380
f 783/1481/1379 760/1482/1380 759/1483/1381
f 758/1484/1382 781/1485/1383 759/1483/1381
f 759/1483/1381 781/1485/1383 782/1486/1384
f 759/1483/1381 782/1486/1384 783/1481/1379
f 781/1485/1383 758/1484/1382 780/1487/1385
f 780/1487/1385 758/1484/1382 757/1488/1386
f 780/1487/1385 757/1488/1386 756/1489/1387
f 780/1487/1385 756/1489/1387 779/1490/1388
f 779/1490/1388 756/1489/1387 755/1491/1389
f 779/1490/1388 755/1491/1389 754/1492/1390
f 448/1493/1391 778/1494/1392 754/1492/1390
f 754/1492/1390 778/1494/1392 779/1490/1388
f 449/1495/909 777/1496/1393 456/1497/911
f 456/1497/911 777/1496/1393 792/1498/1394
f 792/1498/1394 777/1496/1393 776/1499/1395
f 792/1498/1394 776/1499/1395 775/1500/1396
f 775/1500/1396 774/1501/1397 792/1498/1394
f 792/1498/1394 774/1501/1397 791/1502/1398
f 791/1502/1398 774/1501/1397 773/1503/1399
f 791/1502/1398 773/1503/1399 790/1504/1400
f 790/1504/1400 773/1503/1399 772/1505/1401
f 790/1504/1400 772/1505/1401 771/1506/1402
f 770/1507/1403 788/1508/1404 771/1506/1402
f 771/1506/1402 788/1508/1404 789/1509/1405
f 771/1506/1402 789/1509/1405 790/1504/1400
f 788/1508/1404 770/1507/1403 787/1510/1406
f 787/1510/1406 770/1507/1403 769/1511/1407
f 787/1510/1406 769/1511/1407 768/1512/1408
f 787/1510/1406 768/1512/1408 786/1513/1409
f 786/1513/1409 768/1512/1408 767/1514/1410
f 786/1513/1409 767/1514/1410 766/1515/1411
f 766/1515/1411 765/1516/1412 786/1513/1409
f 786/1513/1409 765/1516/1412 475/1517/930
f 475/1517/930 765/1516/1412 472/1518/928
f 804/1519/1413 704/1520/1414 803/1521/1415
f 803/1521/1415 704/1520/1414 703/1522/1416
f 803/1521/1415 703/1522/1416 802/1523/1417
f 802/1523/1417 703/1522/1416 702/1524/1418
f 802/1523/1417 702/1524/1418 801/1525/1419
f 801/1525/1419 702/1524/1418 701/1526/1420
f 801/1525/1419 701/1526/1420 800/1527/1421
f 800/1527/1421 701/1526/1420 700/1528/1422
f 800/1527/1421 700/1528/1422 799/1529/1423
f 799/1529/1423 700/1528/1422 699/1530/1424
f 799/1529/1423 699/1530/1424 798/1531/1425
f 798/1531/1425 699/1530/1424 698/1532/1426
f 798/1531/1425 698/1532/1426 797/1533/1427
f 797/1533/1427 698/1532/1426 697/1534/1428
f 797/1533/1427 697/1534/1428 796/1535/1429
f 796/1535/1429 697/1534/1428 696/1536/1430
f 796/1535/1429 696/1536/1430 795/1537/1431
f 795/1537/1431 696/1536/1430 695/1538/1432
f 795/1537/1431 695/1538/1432 794/1539/1433
f 794/1539/1433 695/1538/1432 694/1540/1434
f 794/1539/1433 694/1540/1434 793/1541/1435
f 793/1541/1435 694/1540/1434 693/1542/1436
f 793/1541/1435 693/1542/1436 457/1543/910
f 457/1543/910 693/1542/1436 458/1544/908
f 705/1545/1437 704/1546/1414 805/1547/1438
f 805/1547/1438 704/1546/1414 804/1548/1413
f 447/1549/1439 752/1550/1440 448/1551/1391
f 448/1551/1391 752/1550/1440 806/1552/1441
f 448/1551/1391 806/1552/1441 778/1553/1392
f 752/1550/1440 447/1549/1439 442/1554/1442
f 442/1554/1442 447/1549/1439 446/1555/1443
f 442/1554/1442 446/1555/1443 445/1556/1444
f 445/1556/1444 444/1557/1445 442/1554/1442
f 442/1554/1442 444/1557/1445 443/1558/1446
f 740/1559/1447 739/1560/1448 808/1561/1449
f 808/1561/1449 739/1560/1448 807/1562/1450
f 806/1563/1441 752/1564/1440 819/1565/1451
f 819/1565/1451 752/1564/1440 751/1566/1452
f 819/1565/1451 751/1566/1452 818/1567/1453
f 818/1567/1453 751/1566/1452 750/1568/1454
f 818/1567/1453 750/1568/1454 817/1569/1455
f 817/1569/1455 750/1568/1454 749/1570/1456
f 817/1569/1455 749/1570/1456 816/1571/1457
f 816/1571/1457 749/1570/1456 748/1572/1458
f 816/1571/1457 748/1572/1458 815/1573/1459
f 815/1573/1459 748/1572/1458 747/1574/1460
f 815/1573/1459 747/1574/1460 814/1575/1461
f 814/1575/1461 747/1574/1460 746/1576/1462
f 814/1575/1461 746/1576/1462 813/1577/1463
f 813/1577/1463 746/1576/1462 745/1578/1464
f 813/1577/1463 745/1578/1464 812/1579/1465
f 812/1579/1465 745/1578/1464 744/1580/1466
f 812/1579/1465 744/1580/1466 811/1581/1467
f 811/1581/1467 744/1580/1466 743/1582/1468
f 811/1581/1467 743/1582/1468 810/1583/1469
f 810/1583/1469 743/1582/1468 742/1584/1470
f 810/1583/1469 742/1584/1470 809/1585/1471
f 809/1585/1471 742/1584/1470 741/1586/1472
f 809/1585/1471 741/1586/1472 808/1587/1449
f 808/1587/1449 741/1586/1472 740/1588/1447
f 739/1589/1448 738/1590/1473 807/1591/1450
f 807/1591/1450 738/1590/1473 832/1592/1474
f 832/1592/1474 738/1590/1473 737/1593/1475
f 832/1592/1474 737/1593/1475 831/1594/1476
f 831/1594/1476 737/1593/1475 736/1595/1477
f 831/1594/1476 736/1595/1477 830/1596/1478
f 830/1596/1478 736/1595/1477 735/1597/1479
f 830/1596/1478 735/1597/1479 829/1598/1480
f 829/1598/1480 735/1597/1479 734/1599/1481
f 829/1598/1480 734/1599/1481 828/1600/1482
f 828/1600/1482 734/1599/1481 733/1601/1483
f 828/1600/1482 733/1601/1483 827/1602/1484
f 827/1602/1484 733/1601/1483 732/1603/1485
f 827/1602/1484 732/1603/1485 826/1604/1486
f 826/1604/1486 732/1603/1485 731/1605/1487
f 826/1604/1486 731/1605/1487 825/1606/1488
f 825/1606/1488 731/1605/1487 730/1607/1489
f 825/1606/1488 730/1607/1489 824/1608/1490
f 824/1608/1490 730/1607/1489 729/1609/1491
f 824/1608/1490 729/1609/1491 823/1610/1492
f 823/1610/1492 729/1609/1491 728/1611/1493
f 823/1610/1492 728/1611/1493 822/1612/1494
f 822/1612/1494 728/1611/1493 727/1613/1495
f 822/1612/1494 727/1613/1495 821/1614/1496
f 821/1614/1496 727/1613/1495 726/1615/1497
f 821/1614/1496 726/1615/1497 820/1616/1498
f 820/1616/1498 726/1615/1497 538/1617/1002
f 820/1616/1498 538/1617/1002 541/1618/1004
f 575/1619/1038 725/1620/1499 572/1621/1036
f 572/1621/1036 725/1620/1499 845/1622/1500
f 845/1622/1500 725/1620/1499 724/1623/1501
f 845/1622/1500 724/1623/1501 844/1624/1502
f 844/1624/1502 724/1623/1501 723/1625/1503
f 844/1624/1502 723/1625/1503 843/1626/1504
f 843/1626/1504 723/1625/1503 722/1627/1505
f 843/1626/1504 722/1627/1505 842/1628/1506
f 842/1628/1506 722/1627/1505 721/1629/1507
f 842/1628/1506 721/1629/1507 841/1630/1508
f 841/1630/1508 721/1629/1507 720/1631/1509
f 841/1630/1508 720/1631/1509 840/1632/1510
f 840/1632/1510 720/1631/1509 719/1633/1511
f 840/1632/1510 719/1633/1511 839/1634/1512
f 839/1634/1512 719/1633/1511 718/1635/1513
f 839/1634/1512 718/1635/1513 838/1636/1514
f 838/1636/1514 718/1635/1513 717/1637/1515
f 838/1636/1514 717/1637/1515 837/1638/1516
f 837/1638/1516 717/1637/1515 716/1639/1517
f 837/1638/1516 716/1639/1517 836/1640/1518
f 836/1640/1518 716/1639/1517 715/1641/1519
f 836/1640/1518 715/1641/1519 835/1642/1520
f 835/1642/1520 715/1641/1519 714/1643/1521
f 835/1642/1520 714/1643/1521 834/1644/1522
f 834/1644/1522 714/1643/1521 713/1645/1523
f 834/1644/1522 713/1645/1523 833/1646/1524
f 833/1646/1524 713/1645/1523 480/1647/940
f 833/1646/1524 480/1647/940 483/1648/942
f 549/1649/1012 846/1650/1525 546/1651/1010
f 546/1651/1010 846/1650/1525 861/1652/1526
f 861/1652/1526 846/1650/1525 847/1653/1527
f 861/1652/1526 847/1653/1527 860/1654/1528
f 860/1654/1528 847/1653/1527 848/1655/1529
f 860/1654/1528 848/1655/1529 859/1656/1530
f 859/1656/1530 848/1655/1529 849/1657/1531
f 859/1656/1530 849/1657/1531 858/1658/1532
f 858/1658/1532 849/1657/1531 850/1659/1533
f 858/1658/1532 850/1659/1533 857/1660/1534
f 857/1660/1534 850/1659/1533 851/1661/1535
f 857/1660/1534 851/1661/1535 856/1662/1536
f 856/1662/1536 851/1661/1535 852/1663/1537
f 856/1662/1536 852/1663/1537 855/1664/1538
f 855/1664/1538 852/1663/1537 853/1665/1539
f 855/1664/1538 853/1665/1539 854/1666/1540
f 862/1667/1541 863/1668/1542 877/1669/1543
f 877/1669/1543 863/1668/1542 876/1670/1544
f 876/1670/1544 863/1668/1542 864/1671/1545
f 876/1670/1544 864/1671/1545 875/1672/1546
f 875/1672/1546 864/1671/1545 865/1673/1547
f 875/1672/1546 865/1673/1547 874/1674/1548
f 874/1674/1548 865/1673/1547 866/1675/1549
f 874/1674/1548 866/1675/1549 873/1676/1550
f 873/1676/1550 866/1675/1549 867/1677/1551
f 873/1676/1550 867/1677/1551 872/1678/1552
f 872/1678/1552 867/1677/1551 868/1679/1553
f 872/1678/1552 868/1679/1553 871/1680/1554
f 871/1680/1554 868/1679/1553 869/1681/1555
f 871/1680/1554 869/1681/1555 870/1682/1556
f 870/1682/1556 869/1681/1555 542/1683/1006
f 870/1682/1556 542/1683/1006 545/1684/1008
f 536/1685/1000 712/1686/1557 537/1687/1001
f 537/1687/1001 712/1686/1557 884/1688/1558
f 884/1688/1558 712/1686/1557 711/1689/1559
f 884/1688/1558 711/1689/1559 883/1690/1560
f 883/1690/1560 711/1689/1559 710/1691/1561
f 883/1690/1560 710/1691/1561 882/1692/1562
f 882/1692/1562 710/1691/1561 709/1693/1563
f 882/1692/1562 709/1693/1563 881/1694/1564
f 881/1694/1564 709/1693/1563 708/1695/1565
f 881/1694/1564 708/1695/1565 880/1696/1566
f 880/1696/1566 708/1695/1565 707/1697/1567
f 880/1696/1566 707/1697/1567 879/1698/1568
f 879/1698/1568 707/1697/1567 706/1699/1569
f 879/1698/1568 706/1699/1569 878/1700/1570
f 878/1700/1570 706/1699/1569 705/1701/1437
f 878/1700/1570 705/1701/1437 805/1702/1438
f 877/1703/1571 885/1704/1572 862/1705/1573
f 862/1705/1573 885/1704/1572 890/1706/1574
f 890/1706/1574 885/1704/1572 886/1707/1575
f 890/1706/1574 886/1707/1575 889/1708/1576
f 889/1708/1576 886/1707/1575 888/1709/1577
f 888/1709/1577 886/1707/1575 887/1710/1578
f 888/1709/1577 887/1710/1578 853/1711/1579
f 853/1711/1579 887/1710/1578 854/1712/1580
f 861/1713/1581 870/1714/1582 546/1715/1583
f 546/1715/1583 870/1714/1582 545/1716/1584
f 546/1715/1583 545/1716/1584 547/1717/1585
f 547/1717/1585 545/1716/1584 544/1718/1586
f 547/1717/1585 544/1718/1586 561/1719/1587
f 561/1719/1587 544/1718/1586 562/1720/1588
f 562/1720/1588 544/1718/1586 563/1721/1589
f 563/1721/1589 544/1718/1586 564/1722/1590
f 564/1722/1590 544/1718/1586 565/1723/1591
f 565/1723/1591 544/1718/1586 566/1724/1592
f 566/1724/1592 544/1718/1586 567/1725/1593
f 567/1725/1593 544/1718/1586 568/1726/1594
f 568/1726/1594 544/1718/1586 571/1727/1595
f 568/1726/1594 571/1727/1595 569/1728/1596
f 569/1728/1596 571/1727/1595 570/1729/1597
f 870/1714/1582 861/1713/1581 871/1730/1598
f 871/1730/1598 861/1713/1581 860/1731/1599
f 871/1730/1598 860/1731/1599 872/1732/1600
f 872/1732/1600 860/1731/1599 859/1733/1601
f 872/1732/1600 859/1733/1601 873/1734/1602
f 873/1734/1602 859/1733/1601 885/1735/1603
f 873/1734/1602 885/1735/1603 874/1736/1604
f 874/1736/1604 885/1735/1603 875/1737/1605
f 875/1737/1605 885/1735/1603 876/1738/1606
f 876/1738/1606 885/1735/1603 877/1739/1607
f 885/1735/1603 859/1733/1601 886/1740/1608
f 886/1740/1608 859/1733/1601 858/1741/1609
f 886/1740/1608 858/1741/1609 857/1742/1610
f 886/1740/1608 857/1742/1610 887/1743/1611
f 887/1743/1611 857/1742/1610 856/1744/1612
f 887/1743/1611 856/1744/1612 855/1745/1613
f 855/1745/1613 854/1746/1614 887/1743/1611
f 869/1747/1615 820/1748/1616 542/1749/1617
f 542/1749/1617 820/1748/1616 541/1750/1618
f 542/1749/1617 541/1750/1618 543/1751/1619
f 543/1751/1619 541/1750/1618 540/1752/1620
f 543/1751/1619 540/1752/1620 550/1753/1621
f 550/1753/1621 540/1752/1620 597/1754/1622
f 550/1753/1621 597/1754/1622 551/1755/1623
f 551/1755/1623 597/1754/1622 596/1756/1624
f 551/1755/1623 596/1756/1624 595/1757/1625
f 820/1748/1616 869/1747/1615 821/1758/1626
f 821/1758/1626 869/1747/1615 868/1759/1627
f 821/1758/1626 868/1759/1627 822/1760/1628
f 822/1760/1628 868/1759/1627 867/1761/1629
f 822/1760/1628 867/1761/1629 823/1762/1630
f 823/1762/1630 867/1761/1629 866/1763/1631
f 823/1762/1630 866/1763/1631 824/1764/1632
f 824/1764/1632 866/1763/1631 865/1765/1633
f 824/1764/1632 865/1765/1633 825/1766/1634
f 825/1766/1634 865/1765/1633 864/1767/1635
f 825/1766/1634 864/1767/1635 863/1768/1636
f 825/1766/1634 863/1768/1636 826/1769/1637
f 826/1769/1637 863/1768/1636 862/1770/1638
f 826/1769/1637 862/1770/1638 827/1771/1639
f 827/1771/1639 862/1770/1638 828/1772/1640
f 828/1772/1640 862/1770/1638 829/1773/1641
f 829/1773/1641 862/1770/1638 830/1774/1642
f 830/1774/1642 862/1770/1638 879/1775/1643
f 830/1774/1642 879/1775/1643 878/1776/1644
f 879/1775/1643 862/1770/1638 891/1777/1645
f 891/1777/1645 862/1770/1638 890/1778/1646
f 891/1777/1645 890/1778/1646 880/1779/1647
f 880/1779/1647 890/1778/1646 889/1780/1648
f 880/1779/1647 889/1780/1648 881/1781/1649
f 881/1781/1649 889/1780/1648 888/1782/1650
f 881/1781/1649 888/1782/1650 882/1783/1651
f 882/1783/1651 888/1782/1650 853/1784/1652
f 882/1783/1651 853/1784/1652 883/1785/1653
f 883/1785/1653 853/1784/1652 836/1786/1654
f 883/1785/1653 836/1786/1654 835/1787/1655
f 852/1788/1656 838/1789/1657 853/1784/1652
f 853/1784/1652 838/1789/1657 837/1790/1658
f 853/1784/1652 837/1790/1658 836/1786/1654
f 838/1789/1657 852/1788/1656 839/1791/1659
f 839/1791/1659 852/1788/1656 851/1792/1660
f 839/1791/1659 851/1792/1660 840/1793/1661
f 840/1793/1661 851/1792/1660 850/1794/1662
f 840/1793/1661 850/1794/1662 841/1795/1663
f 841/1795/1663 850/1794/1662 849/1796/1664
f 841/1795/1663 849/1796/1664 842/1797/1665
f 842/1797/1665 849/1796/1664 848/1798/1666
f 842/1797/1665 848/1798/1666 843/1799/1667
f 843/1799/1667 848/1798/1666 847/1800/1668
f 843/1799/1667 847/1800/1668 844/1801/1669
f 844/1801/1669 847/1800/1668 846/1802/1670
f 844/1801/1669 846/1802/1670 845/1803/1671
f 845/1803/1671 846/1802/1670 549/1804/1672
f 845/1803/1671 549/1804/1672 572/1805/1673
f 572/1805/1673 549/1804/1672 573/1806/1674
f 573/1806/1674 549/1804/1672 548/1807/1675
f 573/1806/1674 548/1807/1675 587/1808/1676
f 587/1808/1676 548/1807/1675 560/1809/1677
f 587/1808/1676 560/1809/1677 588/1810/1678
f 588/1810/1678 560/1809/1677 559/1811/1679
f 588/1810/1678 559/1811/1679 589/1812/1680
f 589/1812/1680 559/1811/1679 558/1813/1681
f 589/1812/1680 558/1813/1681 590/1814/1682
f 590/1814/1682 558/1813/1681 557/1815/1683
f 590/1814/1682 557/1815/1683 556/1816/1684
f 590/1814/1682 556/1816/1684 591/1817/1685
f 591/1817/1685 556/1816/1684 555/1818/1686
f 591/1817/1685 555/1818/1686 592/1819/1687
f 592/1819/1687 555/1818/1686 554/1820/1688
f 592/1819/1687 554/1820/1688 593/1821/1689
f 593/1821/1689 554/1820/1688 553/1822/1690
f 593/1821/1689 553/1822/1690 594/1823/1691
f 594/1823/1691 553/1822/1690 552/1824/1692
f 594/1823/1691 552/1824/1692 595/1757/1625
f 595/1757/1625 552/1824/1692 551/1755/1623
f 883/1785/1653 835/1787/1655 884/1825/1693
f 884/1825/1693 835/1787/1655 834/1826/1694
f 884/1825/1693 834/1826/1694 833/1827/1695
f 884/1825/1693 833/1827/1695 537/1828/1696
f 537/1828/1696 833/1827/1695 483/1829/1697
f 537/1828/1696 483/1829/1697 482/1830/1698
f 537/1828/1696 482/1830/1698 524/1831/1699
f 524/1831/1699 482/1830/1698 507/1832/1700
f 524/1831/1699 507/1832/1700 525/1833/1701
f 525/1833/1701 507/1832/1700 506/1834/1702
f 525/1833/1701 506/1834/1702 526/1835/1703
f 526/1835/1703 506/1834/1702 505/1836/1704
f 526/1835/1703 505/1836/1704 527/1837/1705
f 527/1837/1705 505/1836/1704 504/1838/1706
f 527/1837/1705 504/1838/1706 528/1839/1707
f 528/1839/1707 504/1838/1706 529/1840/1708
f 529/1840/1708 504/1838/1706 503/1841/1709
f 529/1840/1708 503/1841/1709 530/1842/1710
f 530/1842/1710 503/1841/1709 502/1843/1711
f 530/1842/1710 502/1843/1711 531/1844/1712
f 531/1844/1712 502/1843/1711 501/1845/1713
f 531/1844/1712 501/1845/1713 532/1846/1714
f 532/1846/1714 501/1845/1713 500/1847/1715
f 532/1846/1714 500/1847/1715 533/1848/1716
f 533/1848/1716 500/1847/1715 499/1849/1717
f 533/1848/1716 499/1849/1717 534/1850/1718
f 534/1850/1718 499/1849/1717 498/1851/1719
f 534/1850/1718 498/1851/1719 497/1852/1720
f 534/1850/1718 497/1852/1720 535/1853/1721
f 535/1853/1721 497/1852/1720 496/1854/1722
f 535/1853/1721 496/1854/1722 511/1855/1723
f 511/1855/1723 496/1854/1722 479/1856/1724
f 511/1855/1723 479/1856/1724 478/1857/1725
f 880/1779/1647 879/1775/1643 891/1777/1645
f 805/1858/1726 832/1859/1727 878/1776/1644
f 878/1776/1644 832/1859/1727 831/1860/1728
f 878/1776/1644 831/1860/1728 830/1774/1642
f 804/1861/1729 808/1862/1730 805/1858/1726
f 805/1858/1726 808/1862/1730 807/1863/1731
f 805/1858/1726 807/1863/1731 832/1859/1727
f 804/1861/1729 803/1864/1732 808/1862/1730
f 808/1862/1730 803/1864/1732 809/1865/1733
f 809/1865/1733 803/1864/1732 802/1866/1734
f 809/1865/1733 802/1866/1734 810/1867/1735
f 810/1867/1735 802/1866/1734 801/1868/1736
f 810/1867/1735 801/1868/1736 811/1869/1737
f 811/1869/1737 801/1868/1736 800/1870/1738
f 811/1869/1737 800/1870/1738 812/1871/1739
f 812/1871/1739 800/1870/1738 799/1872/1740
f 812/1871/1739 799/1872/1740 813/1873/1741
f 813/1873/1741 799/1872/1740 798/1874/1742
f 813/1873/1741 798/1874/1742 814/1875/1743
f 814/1875/1743 798/1874/1742 815/1876/1744
f 815/1876/1744 798/1874/1742 797/1877/1745
f 815/1876/1744 797/1877/1745 816/1878/1746
f 816/1878/1746 797/1877/1745 796/1879/1747
f 816/1878/1746 796/1879/1747 817/1880/1748
f 817/1880/1748 796/1879/1747 795/1881/1749
f 817/1880/1748 795/1881/1749 818/1882/1750
f 818/1882/1750 795/1881/1749 794/1883/1751
f 818/1882/1750 794/1883/1751 819/1884/1752
f 819/1884/1752 794/1883/1751 793/1885/1753
f 819/1884/1752 793/1885/1753 806/1886/1754
f 806/1886/1754 793/1885/1753 457/1887/1755
f 806/1886/1754 457/1887/1755 778/1888/1756
f 778/1888/1756 457/1887/1755 456/1889/1757
f 778/1888/1756 456/1889/1757 779/1890/1758
f 779/1890/1758 456/1889/1757 792/1891/1759
f 779/1890/1758 792/1891/1759 780/1892/1760
f 780/1892/1760 792/1891/1759 791/1893/1761
f 780/1892/1760 791/1893/1761 781/1894/1762
f 781/1894/1762 791/1893/1761 790/1895/1763
f 781/1894/1762 790/1895/1763 782/1896/1764
f 782/1896/1764 790/1895/1763 789/1897/1765
f 782/1896/1764 789/1897/1765 783/1898/1766
f 783/1898/1766 789/1897/1765 788/1899/1767
f 783/1898/1766 788/1899/1767 784/1900/1768
f 784/1900/1768 788/1899/1767 787/1901/1769
f 784/1900/1768 787/1901/1769 785/1902/1770
f 785/1902/1770 787/1901/1769 786/1903/1771
f 785/1902/1770 786/1903/1771 667/1904/1772
f 667/1904/1772 786/1903/1771 475/1905/1773
f 667/1904/1772 475/1905/1773 655/1906/1774
f 655/1906/1774 475/1905/1773 474/1907/1775
f 655/1906/1774 474/1907/1775 656/1908/1776
f 656/1908/1776 474/1907/1775 691/1909/1777
f 656/1908/1776 691/1909/1777 657/1910/1778
f 657/1910/1778 691/1909/1777 690/1911/1779
f 657/1910/1778 690/1911/1779 658/1912/1780
f 658/1912/1780 690/1911/1779 689/1913/1781
f 658/1912/1780 689/1913/1781 659/1914/1782
f 659/1914/1782 689/1913/1781 688/1915/1783
f 659/1914/1782 688/1915/1783 687/1916/1784
f 659/1914/1782 687/1916/1784 660/1917/1785
f 660/1917/1785 687/1916/1784 686/1918/1786
f 660/1917/1785 686/1918/1786 661/1919/1787
f 661/1919/1787 686/1918/1786 685/1920/1788
f 661/1919/1787 685/1920/1788 662/1921/1789
f 662/1921/1789 685/1920/1788 684/1922/1790
f 662/1921/1789 684/1922/1790 663/1923/1791
f 663/1923/1791 684/1922/1790 683/1924/1792
f 663/1923/1791 683/1924/1792 664/1925/1793
f 664/1925/1793 683/1924/1792 682/1926/1794
f 664/1925/1793 682/1926/1794 665/1927/1795
f 665/1927/1795 682/1926/1794 666/1928/1796
f 666/1928/1796 682/1926/1794 681/1929/1797
f 666/1928/1796 681/1929/1797 641/1930/1798
f 641/1930/1798 681/1929/1797 680/1931/1799
f 641/1930/1798 680/1931/1799 642/1932/1800
f 642/1932/1800 680/1931/1799 692/1933/1801
# 891 vertices
# 1933 texture params
# 1801 normals
# 1766 facets

# 5 groups
